SENSE INFORMATION	C0006298	C0008139	
StartYear(counts)	1949.000000	1946.000000
StartYearValue(counts)	2.000000	9.000000
LastYear(counts)	2018.000000	2018.000000
LastYearValue(counts)	872.000000	4103.000000
MaxSensegivenYear(SGY)	1985.000000	1946.000000
MaxSensegivenYearValue(SGY)	0.812500	1.000000
EmergenceYear(SGY)	0.000000	0.000000
EmergenceValue(SGY)	-1.000000	-1.000000
