SENSE INFORMATION	C0006012	C0006287	
StartYear(counts)	1980.000000	1981.000000
StartYearValue(counts)	6.000000	10.000000
LastYear(counts)	2018.000000	2018.000000
LastYearValue(counts)	779.000000	590.000000
MaxSensegivenYear(SGY)	1980.000000	1990.000000
MaxSensegivenYearValue(SGY)	1.000000	0.679245
EmergenceYear(SGY)	0.000000	1980.000000
EmergenceValue(SGY)	-1.000000	0.000000
