SENSE INFORMATION	C0006304	C0302363	
StartYear(counts)	1946.000000	1946.000000
StartYearValue(counts)	8.000000	1.000000
LastYear(counts)	2018.000000	2018.000000
LastYearValue(counts)	138.000000	49.000000
MaxSensegivenYear(SGY)	1949.000000	1965.000000
MaxSensegivenYearValue(SGY)	1.000000	0.552632
EmergenceYear(SGY)	0.000000	0.000000
EmergenceValue(SGY)	-1.000000	-1.000000
