SENSE INFORMATION	C0006767	C0376154	
StartYear(counts)	1972.000000	1972.000000
StartYearValue(counts)	7.000000	1.000000
LastYear(counts)	2018.000000	2018.000000
LastYearValue(counts)	291.000000	43.000000
MaxSensegivenYear(SGY)	1988.000000	1983.000000
MaxSensegivenYearValue(SGY)	1.000000	0.314286
EmergenceYear(SGY)	0.000000	0.000000
EmergenceValue(SGY)	-1.000000	-1.000000
