SENSE INFORMATION	C0007634	C1136359	
StartYear(counts)	1969.000000	1999.000000
StartYearValue(counts)	10.000000	6.000000
LastYear(counts)	2018.000000	2018.000000
LastYearValue(counts)	2110.000000	299.000000
MaxSensegivenYear(SGY)	1969.000000	2003.000000
MaxSensegivenYearValue(SGY)	1.000000	0.283465
EmergenceYear(SGY)	0.000000	2010.000000
EmergenceValue(SGY)	-1.000000	0.121166
