SENSE INFORMATION	C0056208	C1321571	
StartYear(counts)	1982.000000	1975.000000
StartYearValue(counts)	6.000000	4.000000
LastYear(counts)	2018.000000	2018.000000
LastYearValue(counts)	3.000000	13.000000
MaxSensegivenYear(SGY)	2002.000000	1975.000000
MaxSensegivenYearValue(SGY)	0.785000	1.000000
EmergenceYear(SGY)	1981.000000	0.000000
EmergenceValue(SGY)	0.000000	-1.000000
