SENSE INFORMATION	C0011198	C0017480	
StartYear(counts)	1945.000000	1945.000000
StartYearValue(counts)	1.000000	7.000000
LastYear(counts)	2018.000000	2018.000000
LastYearValue(counts)	22.000000	3347.000000
MaxSensegivenYear(SGY)	1974.000000	2017.000000
MaxSensegivenYearValue(SGY)	0.818182	0.995698
EmergenceYear(SGY)	0.000000	0.000000
EmergenceValue(SGY)	-1.000000	-1.000000
