SENSE INFORMATION	C0012020	C0028652	
StartYear(counts)	1975.000000	1981.000000
StartYearValue(counts)	28.000000	5.000000
LastYear(counts)	2018.000000	2018.000000
LastYearValue(counts)	7.000000	15.000000
MaxSensegivenYear(SGY)	1975.000000	1998.000000
MaxSensegivenYearValue(SGY)	1.000000	1.000000
EmergenceYear(SGY)	0.000000	1979.000000
EmergenceValue(SGY)	-1.000000	0.000000
