SENSE INFORMATION	C0013710	C0029974	
StartYear(counts)	1945.000000	1945.000000
StartYearValue(counts)	8.000000	2.000000
LastYear(counts)	2018.000000	2018.000000
LastYearValue(counts)	1656.000000	1380.000000
MaxSensegivenYear(SGY)	1945.000000	1974.000000
MaxSensegivenYearValue(SGY)	0.800000	0.822816
EmergenceYear(SGY)	0.000000	0.000000
EmergenceValue(SGY)	-1.000000	-1.000000
