SENSE INFORMATION	C0014563	C0014582	
StartYear(counts)	1945.000000	1980.000000
StartYearValue(counts)	20.000000	11.000000
LastYear(counts)	2018.000000	2018.000000
LastYearValue(counts)	882.000000	400.000000
MaxSensegivenYear(SGY)	1945.000000	2015.000000
MaxSensegivenYearValue(SGY)	1.000000	0.373737
EmergenceYear(SGY)	0.000000	0.000000
EmergenceValue(SGY)	-1.000000	-1.000000
