SENSE INFORMATION	C0302583	C0376520	
StartYear(counts)	1945.000000	1946.000000
StartYearValue(counts)	21.000000	1.000000
LastYear(counts)	2018.000000	2018.000000
LastYearValue(counts)	14355.000000	1220.000000
MaxSensegivenYear(SGY)	1945.000000	2011.000000
MaxSensegivenYearValue(SGY)	1.000000	0.120229
EmergenceYear(SGY)	0.000000	1995.000000
EmergenceValue(SGY)	-1.000000	0.000000
