SENSE INFORMATION	C0020259	C0023443	
StartYear(counts)	1946.000000	1954.000000
StartYearValue(counts)	8.000000	1.000000
LastYear(counts)	2018.000000	2018.000000
LastYearValue(counts)	136.000000	72.000000
MaxSensegivenYear(SGY)	1946.000000	1987.000000
MaxSensegivenYearValue(SGY)	1.000000	0.738211
EmergenceYear(SGY)	0.000000	1975.000000
EmergenceValue(SGY)	-1.000000	0.000000
