SENSE INFORMATION	C0022023	C0022024	
StartYear(counts)	1945.000000	1946.000000
StartYearValue(counts)	6.000000	2.000000
LastYear(counts)	2018.000000	2018.000000
LastYearValue(counts)	2742.000000	116.000000
MaxSensegivenYear(SGY)	1945.000000	1995.000000
MaxSensegivenYearValue(SGY)	1.000000	0.359327
EmergenceYear(SGY)	0.000000	1945.000000
EmergenceValue(SGY)	-1.000000	0.000000
