SENSE INFORMATION	C0022077	C1001362	
StartYear(counts)	1945.000000	1946.000000
StartYearValue(counts)	4.000000	1.000000
LastYear(counts)	2018.000000	2018.000000
LastYearValue(counts)	633.000000	29.000000
MaxSensegivenYear(SGY)	1945.000000	1950.000000
MaxSensegivenYearValue(SGY)	1.000000	0.187500
EmergenceYear(SGY)	0.000000	0.000000
EmergenceValue(SGY)	-1.000000	-1.000000
