SENSE INFORMATION	C0022864	C0043227	
StartYear(counts)	1945.000000	1945.000000
StartYearValue(counts)	4.000000	44.000000
LastYear(counts)	2018.000000	2018.000000
LastYearValue(counts)	1057.000000	1697.000000
MaxSensegivenYear(SGY)	1980.000000	1945.000000
MaxSensegivenYearValue(SGY)	0.756667	0.916667
EmergenceYear(SGY)	1945.000000	0.000000
EmergenceValue(SGY)	0.083333	-1.000000
