SENSE INFORMATION	C0006147	C0022925	
StartYear(counts)	1945.000000	1945.000000
StartYearValue(counts)	15.000000	6.000000
LastYear(counts)	2018.000000	2018.000000
LastYearValue(counts)	4962.000000	1879.000000
MaxSensegivenYear(SGY)	2015.000000	1973.000000
MaxSensegivenYearValue(SGY)	0.785039	0.800000
EmergenceYear(SGY)	0.000000	0.000000
EmergenceValue(SGY)	-1.000000	-1.000000
