SENSE INFORMATION	C0023078	C0023081	
StartYear(counts)	1945.000000	1945.000000
StartYearValue(counts)	14.000000	1.000000
LastYear(counts)	2018.000000	2018.000000
LastYearValue(counts)	589.000000	3.000000
MaxSensegivenYear(SGY)	1966.000000	1965.000000
MaxSensegivenYearValue(SGY)	1.000000	0.153226
EmergenceYear(SGY)	0.000000	0.000000
EmergenceValue(SGY)	-1.000000	-1.000000
