SENSE INFORMATION	C0752045	C1068388	
StartYear(counts)	2000.000000	2002.000000
StartYearValue(counts)	13.000000	3.000000
LastYear(counts)	2018.000000	2018.000000
LastYearValue(counts)	53.000000	5.000000
MaxSensegivenYear(SGY)	2000.000000	2016.000000
MaxSensegivenYearValue(SGY)	1.000000	0.666667
EmergenceYear(SGY)	0.000000	0.000000
EmergenceValue(SGY)	-1.000000	-1.000000
