SENSE INFORMATION	C0024530	C0206255	
StartYear(counts)	1945.000000	1945.000000
StartYearValue(counts)	120.000000	1.000000
LastYear(counts)	2018.000000	2018.000000
LastYearValue(counts)	9355.000000	454.000000
MaxSensegivenYear(SGY)	1947.000000	1996.000000
MaxSensegivenYearValue(SGY)	1.000000	0.136999
EmergenceYear(SGY)	0.000000	1991.000000
EmergenceValue(SGY)	-1.000000	0.000680
