SENSE INFORMATION	C0085113	C0162678	
StartYear(counts)	1990.000000	1991.000000
StartYearValue(counts)	11.000000	4.000000
LastYear(counts)	2018.000000	2018.000000
LastYearValue(counts)	232.000000	44.000000
MaxSensegivenYear(SGY)	1990.000000	2013.000000
MaxSensegivenYearValue(SGY)	1.000000	0.395431
EmergenceYear(SGY)	0.000000	1990.000000
EmergenceValue(SGY)	-1.000000	0.000000
