SENSE INFORMATION	C0028768	C0029421	
StartYear(counts)	1975.000000	1984.000000
StartYearValue(counts)	9.000000	17.000000
LastYear(counts)	2018.000000	2018.000000
LastYearValue(counts)	883.000000	123.000000
MaxSensegivenYear(SGY)	1975.000000	1985.000000
MaxSensegivenYearValue(SGY)	1.000000	0.431193
EmergenceYear(SGY)	0.000000	1983.000000
EmergenceValue(SGY)	-1.000000	0.000000
