SENSE INFORMATION	C0013058	C0031336	
StartYear(counts)	1963.000000	1945.000000
StartYearValue(counts)	1.000000	11.000000
LastYear(counts)	2018.000000	2018.000000
LastYearValue(counts)	137.000000	347.000000
MaxSensegivenYear(SGY)	2005.000000	1945.000000
MaxSensegivenYearValue(SGY)	0.868132	1.000000
EmergenceYear(SGY)	1963.000000	0.000000
EmergenceValue(SGY)	0.005780	-1.000000
