SENSE INFORMATION	C0017916	C0917783	
StartYear(counts)	1971.000000	1973.000000
StartYearValue(counts)	27.000000	12.000000
LastYear(counts)	2018.000000	2018.000000
LastYearValue(counts)	9.000000	11.000000
MaxSensegivenYear(SGY)	1971.000000	2002.000000
MaxSensegivenYearValue(SGY)	1.000000	0.850000
EmergenceYear(SGY)	0.000000	2005.000000
EmergenceValue(SGY)	-1.000000	0.158824
