SENSE INFORMATION	C0031705	C0080014	
StartYear(counts)	1945.000000	1945.000000
StartYearValue(counts)	17.000000	4.000000
LastYear(counts)	2018.000000	2018.000000
LastYearValue(counts)	6809.000000	1251.000000
MaxSensegivenYear(SGY)	1966.000000	1948.000000
MaxSensegivenYearValue(SGY)	1.000000	0.335714
EmergenceYear(SGY)	0.000000	0.000000
EmergenceValue(SGY)	-1.000000	-1.000000
