SENSE INFORMATION	C0022171	C0812425	
StartYear(counts)	1975.000000	1975.000000
StartYearValue(counts)	40.000000	31.000000
LastYear(counts)	2018.000000	2018.000000
LastYearValue(counts)	38.000000	63.000000
MaxSensegivenYear(SGY)	1989.000000	2018.000000
MaxSensegivenYearValue(SGY)	0.800578	0.623762
EmergenceYear(SGY)	0.000000	0.000000
EmergenceValue(SGY)	-1.000000	-1.000000
