SENSE INFORMATION	C0032064	C0032066	
StartYear(counts)	1945.000000	1946.000000
StartYearValue(counts)	7.000000	3.000000
LastYear(counts)	2018.000000	2018.000000
LastYearValue(counts)	759.000000	29.000000
MaxSensegivenYear(SGY)	1945.000000	1970.000000
MaxSensegivenYearValue(SGY)	1.000000	0.263158
EmergenceYear(SGY)	0.000000	1959.000000
EmergenceValue(SGY)	-1.000000	0.000000
