SENSE INFORMATION	C0011389	C0333463	
StartYear(counts)	1950.000000	1950.000000
StartYearValue(counts)	1.000000	3.000000
LastYear(counts)	2018.000000	2018.000000
LastYearValue(counts)	326.000000	568.000000
MaxSensegivenYear(SGY)	1966.000000	1952.000000
MaxSensegivenYearValue(SGY)	1.000000	1.000000
EmergenceYear(SGY)	0.000000	0.000000
EmergenceValue(SGY)	-1.000000	-1.000000
