SENSE INFORMATION	C0026934	C0032241	
StartYear(counts)	1945.000000	1945.000000
StartYearValue(counts)	3.000000	3.000000
LastYear(counts)	2018.000000	2018.000000
LastYearValue(counts)	417.000000	9.000000
MaxSensegivenYear(SGY)	1958.000000	1945.000000
MaxSensegivenYearValue(SGY)	1.000000	0.500000
EmergenceYear(SGY)	1945.000000	0.000000
EmergenceValue(SGY)	0.500000	-1.000000
