SENSE INFORMATION	C0035203	C0282636	
StartYear(counts)	1945.000000	1945.000000
StartYearValue(counts)	16.000000	11.000000
LastYear(counts)	2018.000000	2018.000000
LastYearValue(counts)	1914.000000	397.000000
MaxSensegivenYear(SGY)	1966.000000	1949.000000
MaxSensegivenYearValue(SGY)	1.000000	0.426667
EmergenceYear(SGY)	0.000000	0.000000
EmergenceValue(SGY)	-1.000000	-1.000000
