SENSE INFORMATION	C0002895	C0085298	
StartYear(counts)	1946.000000	1950.000000
StartYearValue(counts)	12.000000	1.000000
LastYear(counts)	2018.000000	2018.000000
LastYearValue(counts)	1761.000000	707.000000
MaxSensegivenYear(SGY)	1946.000000	2012.000000
MaxSensegivenYearValue(SGY)	1.000000	0.383784
EmergenceYear(SGY)	0.000000	1988.000000
EmergenceValue(SGY)	-1.000000	0.000000
