SENSE INFORMATION	C0001972	C0002520	
StartYear(counts)	1947.000000	1945.000000
StartYearValue(counts)	1.000000	35.000000
LastYear(counts)	2018.000000	2019.000000
LastYearValue(counts)	20.000000	9.000000
MaxSensegivenYear(SGY)	1998.000000	1945.000000
MaxSensegivenYearValue(SGY)	0.020866	1.000000
EmergenceYear(SGY)	0.000000	0.000000
EmergenceValue(SGY)	-1.000000	-1.000000
