SENSE INFORMATION	C0002463	C0003243	
StartYear(counts)	1950.000000	1959.000000
StartYearValue(counts)	4.000000	2.000000
LastYear(counts)	2017.000000	2018.000000
LastYearValue(counts)	4.000000	357.000000
MaxSensegivenYear(SGY)	1950.000000	1959.000000
MaxSensegivenYearValue(SGY)	1.000000	1.000000
EmergenceYear(SGY)	0.000000	0.000000
EmergenceValue(SGY)	-1.000000	-1.000000
