SENSE INFORMATION	C0225984	C0684204	
StartYear(counts)	1945.000000	1945.000000
StartYearValue(counts)	1.000000	1.000000
LastYear(counts)	2018.000000	2018.000000
LastYearValue(counts)	2.000000	7.000000
MaxSensegivenYear(SGY)	1949.000000	2002.000000
MaxSensegivenYearValue(SGY)	1.000000	0.928571
EmergenceYear(SGY)	0.000000	0.000000
EmergenceValue(SGY)	-1.000000	-1.000000
