SENSE INFORMATION	C0006033	C0024198	
StartYear(counts)	1946.000000	1983.000000
StartYearValue(counts)	1.000000	3.000000
LastYear(counts)	2018.000000	2018.000000
LastYearValue(counts)	149.000000	752.000000
MaxSensegivenYear(SGY)	1946.000000	1991.000000
MaxSensegivenYearValue(SGY)	1.000000	0.949466
EmergenceYear(SGY)	0.000000	0.000000
EmergenceValue(SGY)	-1.000000	-1.000000
