SENSE INFORMATION	C0006137	C0006222	
StartYear(counts)	1945.000000	1945.000000
StartYearValue(counts)	2.000000	1.000000
LastYear(counts)	2019.000000	2018.000000
LastYearValue(counts)	11.000000	159.000000
MaxSensegivenYear(SGY)	2019.000000	1967.000000
MaxSensegivenYearValue(SGY)	1.000000	0.647727
EmergenceYear(SGY)	0.000000	0.000000
EmergenceValue(SGY)	-1.000000	-1.000000
