SENSE INFORMATION	C0005902	C0036774	
StartYear(counts)	1952.000000	1947.000000
StartYearValue(counts)	4.000000	6.000000
LastYear(counts)	2018.000000	2019.000000
LastYearValue(counts)	171.000000	2.000000
MaxSensegivenYear(SGY)	1952.000000	1947.000000
MaxSensegivenYearValue(SGY)	0.400000	1.000000
EmergenceYear(SGY)	1951.000000	0.000000
EmergenceValue(SGY)	0.000000	-1.000000
