SENSE INFORMATION	C0011905	C1956346	
StartYear(counts)	1970.000000	1945.000000
StartYearValue(counts)	3.000000	3.000000
LastYear(counts)	2018.000000	2018.000000
LastYearValue(counts)	281.000000	6315.000000
MaxSensegivenYear(SGY)	1972.000000	1945.000000
MaxSensegivenYearValue(SGY)	1.000000	1.000000
EmergenceYear(SGY)	1968.000000	0.000000
EmergenceValue(SGY)	0.000000	-1.000000
