SENSE INFORMATION	C0007578	C0178551	
StartYear(counts)	1981.000000	1945.000000
StartYearValue(counts)	8.000000	1.000000
LastYear(counts)	2018.000000	2018.000000
LastYearValue(counts)	331.000000	338.000000
MaxSensegivenYear(SGY)	1981.000000	1945.000000
MaxSensegivenYearValue(SGY)	1.000000	1.000000
EmergenceYear(SGY)	0.000000	0.000000
EmergenceValue(SGY)	-1.000000	-1.000000
