SENSE INFORMATION	C0030163	C0037189	
StartYear(counts)	1949.000000	1949.000000
StartYearValue(counts)	1.000000	1.000000
LastYear(counts)	2018.000000	2018.000000
LastYearValue(counts)	401.000000	65.000000
MaxSensegivenYear(SGY)	1950.000000	1952.000000
MaxSensegivenYearValue(SGY)	1.000000	1.000000
EmergenceYear(SGY)	0.000000	0.000000
EmergenceValue(SGY)	-1.000000	-1.000000
