SENSE INFORMATION	C0009563	C1321605	
StartYear(counts)	1958.000000	1952.000000
StartYearValue(counts)	2.000000	1.000000
LastYear(counts)	2018.000000	2019.000000
LastYearValue(counts)	80.000000	94.000000
MaxSensegivenYear(SGY)	1958.000000	1952.000000
MaxSensegivenYearValue(SGY)	1.000000	1.000000
EmergenceYear(SGY)	0.000000	0.000000
EmergenceValue(SGY)	-1.000000	-1.000000
