SENSE INFORMATION	C0008838	C0553730	
StartYear(counts)	1972.000000	1960.000000
StartYearValue(counts)	1.000000	2.000000
LastYear(counts)	2018.000000	2018.000000
LastYearValue(counts)	9956.000000	98.000000
MaxSensegivenYear(SGY)	2015.000000	1960.000000
MaxSensegivenYearValue(SGY)	0.997267	1.000000
EmergenceYear(SGY)	1971.000000	0.000000
EmergenceValue(SGY)	0.000000	-1.000000
