SENSE INFORMATION	C0010132	C0022661	
StartYear(counts)	1956.000000	1950.000000
StartYearValue(counts)	1.000000	3.000000
LastYear(counts)	2018.000000	2018.000000
LastYearValue(counts)	670.000000	2704.000000
MaxSensegivenYear(SGY)	1987.000000	1950.000000
MaxSensegivenYearValue(SGY)	0.648318	1.000000
EmergenceYear(SGY)	0.000000	0.000000
EmergenceValue(SGY)	-1.000000	-1.000000
