SENSE INFORMATION	C0056208	C1321571	
StartYear(counts)	1955.000000	1947.000000
StartYearValue(counts)	1.000000	1.000000
LastYear(counts)	2018.000000	2018.000000
LastYearValue(counts)	3.000000	13.000000
MaxSensegivenYear(SGY)	1962.000000	1947.000000
MaxSensegivenYearValue(SGY)	1.000000	1.000000
EmergenceYear(SGY)	1981.000000	0.000000
EmergenceValue(SGY)	0.000000	-1.000000
