SENSE INFORMATION	C0025923	C1260899	
StartYear(counts)	1947.000000	1947.000000
StartYearValue(counts)	1.000000	1.000000
LastYear(counts)	2018.000000	2018.000000
LastYearValue(counts)	5.000000	20.000000
MaxSensegivenYear(SGY)	1948.000000	1959.000000
MaxSensegivenYearValue(SGY)	1.000000	1.000000
EmergenceYear(SGY)	1947.000000	0.000000
EmergenceValue(SGY)	0.500000	-1.000000
