SENSE INFORMATION	C0011485	C0012764	
StartYear(counts)	1958.000000	1945.000000
StartYearValue(counts)	2.000000	1.000000
LastYear(counts)	2018.000000	2018.000000
LastYearValue(counts)	60.000000	77.000000
MaxSensegivenYear(SGY)	1961.000000	1945.000000
MaxSensegivenYearValue(SGY)	1.000000	1.000000
EmergenceYear(SGY)	1957.000000	0.000000
EmergenceValue(SGY)	0.000000	-1.000000
