SENSE INFORMATION	C0011848	C0032246	
StartYear(counts)	1945.000000	1946.000000
StartYearValue(counts)	1.000000	1.000000
LastYear(counts)	2018.000000	2018.000000
LastYearValue(counts)	70.000000	427.000000
MaxSensegivenYear(SGY)	1945.000000	2012.000000
MaxSensegivenYearValue(SGY)	1.000000	0.873995
EmergenceYear(SGY)	0.000000	0.000000
EmergenceValue(SGY)	-1.000000	-1.000000
