SENSE INFORMATION	C0012020	C0028652	
StartYear(counts)	1956.000000	1948.000000
StartYearValue(counts)	2.000000	1.000000
LastYear(counts)	2018.000000	2018.000000
LastYearValue(counts)	7.000000	15.000000
MaxSensegivenYear(SGY)	1957.000000	1948.000000
MaxSensegivenYearValue(SGY)	1.000000	1.000000
EmergenceYear(SGY)	1955.000000	1979.000000
EmergenceValue(SGY)	0.000000	0.000000
