SENSE INFORMATION	C0013671	C0677644	
StartYear(counts)	1946.000000	2004.000000
StartYearValue(counts)	1.000000	15.000000
LastYear(counts)	2018.000000	2017.000000
LastYearValue(counts)	157.000000	7.000000
MaxSensegivenYear(SGY)	1946.000000	2008.000000
MaxSensegivenYearValue(SGY)	1.000000	0.312925
EmergenceYear(SGY)	0.000000	2003.000000
EmergenceValue(SGY)	-1.000000	0.000000
