SENSE INFORMATION	C0015230	C1533692	
StartYear(counts)	1944.000000	1944.000000
StartYearValue(counts)	1.000000	1.000000
LastYear(counts)	2018.000000	2018.000000
LastYearValue(counts)	258.000000	112.000000
MaxSensegivenYear(SGY)	1959.000000	1985.000000
MaxSensegivenYearValue(SGY)	0.902439	0.901786
EmergenceYear(SGY)	1944.000000	0.000000
EmergenceValue(SGY)	0.500000	-1.000000
