SENSE INFORMATION	C0032580	C0162832	
StartYear(counts)	1947.000000	1991.000000
StartYearValue(counts)	2.000000	4.000000
LastYear(counts)	2018.000000	2018.000000
LastYearValue(counts)	702.000000	204.000000
MaxSensegivenYear(SGY)	1947.000000	2011.000000
MaxSensegivenYearValue(SGY)	1.000000	0.524844
EmergenceYear(SGY)	0.000000	1990.000000
EmergenceValue(SGY)	-1.000000	0.000000
