SENSE INFORMATION	C0016163	C0162789	
StartYear(counts)	1945.000000	1953.000000
StartYearValue(counts)	10.000000	1.000000
LastYear(counts)	2019.000000	2018.000000
LastYearValue(counts)	55.000000	2187.000000
MaxSensegivenYear(SGY)	1945.000000	1995.000000
MaxSensegivenYearValue(SGY)	1.000000	0.626502
EmergenceYear(SGY)	0.000000	1990.000000
EmergenceValue(SGY)	-1.000000	0.000000
