SENSE INFORMATION	C0017346	C0017973	
StartYear(counts)	1982.000000	1947.000000
StartYearValue(counts)	2.000000	5.000000
LastYear(counts)	2018.000000	2018.000000
LastYearValue(counts)	9.000000	640.000000
MaxSensegivenYear(SGY)	2007.000000	1947.000000
MaxSensegivenYearValue(SGY)	0.373802	1.000000
EmergenceYear(SGY)	1988.000000	0.000000
EmergenceValue(SGY)	0.002301	-1.000000
