SENSE INFORMATION	C0007947	C0018481	
StartYear(counts)	1945.000000	1945.000000
StartYearValue(counts)	5.000000	1.000000
LastYear(counts)	2018.000000	2018.000000
LastYearValue(counts)	12.000000	6.000000
MaxSensegivenYear(SGY)	1947.000000	2004.000000
MaxSensegivenYearValue(SGY)	1.000000	0.714286
EmergenceYear(SGY)	0.000000	0.000000
EmergenceValue(SGY)	-1.000000	-1.000000
