SENSE INFORMATION	C0626201	C0752253	
StartYear(counts)	1994.000000	1992.000000
StartYearValue(counts)	21.000000	9.000000
LastYear(counts)	2018.000000	2018.000000
LastYearValue(counts)	40.000000	19.000000
MaxSensegivenYear(SGY)	2014.000000	1992.000000
MaxSensegivenYearValue(SGY)	0.922105	1.000000
EmergenceYear(SGY)	0.000000	0.000000
EmergenceValue(SGY)	-1.000000	-1.000000
