SENSE INFORMATION	C0021760	C0062534	
StartYear(counts)	1983.000000	1965.000000
StartYearValue(counts)	2.000000	1.000000
LastYear(counts)	2019.000000	2018.000000
LastYearValue(counts)	23.000000	1458.000000
MaxSensegivenYear(SGY)	1983.000000	1965.000000
MaxSensegivenYearValue(SGY)	1.000000	1.000000
EmergenceYear(SGY)	1982.000000	0.000000
EmergenceValue(SGY)	0.000000	-1.000000
