SENSE INFORMATION	C0036220	C0376526	
StartYear(counts)	1946.000000	1996.000000
StartYearValue(counts)	6.000000	167.000000
LastYear(counts)	2018.000000	2018.000000
LastYearValue(counts)	688.000000	2066.000000
MaxSensegivenYear(SGY)	1946.000000	2018.000000
MaxSensegivenYearValue(SGY)	1.000000	0.750182
EmergenceYear(SGY)	0.000000	1994.000000
EmergenceValue(SGY)	-1.000000	0.000000
