SENSE INFORMATION	C0023008	C0033348	
StartYear(counts)	1945.000000	1958.000000
StartYearValue(counts)	1.000000	1.000000
LastYear(counts)	2018.000000	2018.000000
LastYearValue(counts)	3592.000000	101.000000
MaxSensegivenYear(SGY)	1945.000000	2001.000000
MaxSensegivenYearValue(SGY)	1.000000	0.158235
EmergenceYear(SGY)	0.000000	1986.000000
EmergenceValue(SGY)	-1.000000	0.022321
