SENSE INFORMATION	C0079786	C0919482	
StartYear(counts)	1980.000000	1998.000000
StartYearValue(counts)	6.000000	7.000000
LastYear(counts)	2018.000000	2018.000000
LastYearValue(counts)	8.000000	1.000000
MaxSensegivenYear(SGY)	1980.000000	2007.000000
MaxSensegivenYearValue(SGY)	1.000000	1.000000
EmergenceYear(SGY)	0.000000	2001.000000
EmergenceValue(SGY)	-1.000000	0.000000
