SENSE INFORMATION	C0001629	C0025148	
StartYear(counts)	1945.000000	1945.000000
StartYearValue(counts)	1.000000	2.000000
LastYear(counts)	2018.000000	2018.000000
LastYearValue(counts)	8.000000	200.000000
MaxSensegivenYear(SGY)	1946.000000	2018.000000
MaxSensegivenYearValue(SGY)	1.000000	0.961538
EmergenceYear(SGY)	1945.000000	0.000000
EmergenceValue(SGY)	0.333333	-1.000000
