SENSE INFORMATION	C0024487	C0025235	
StartYear(counts)	1961.000000	1947.000000
StartYearValue(counts)	1.000000	1.000000
LastYear(counts)	2018.000000	2018.000000
LastYearValue(counts)	390.000000	5.000000
MaxSensegivenYear(SGY)	2017.000000	1947.000000
MaxSensegivenYearValue(SGY)	0.997233	1.000000
EmergenceYear(SGY)	0.000000	0.000000
EmergenceValue(SGY)	-1.000000	-1.000000
