SENSE INFORMATION	C0026399	C0026630	
StartYear(counts)	1984.000000	1970.000000
StartYearValue(counts)	10.000000	2.000000
LastYear(counts)	2015.000000	2015.000000
LastYearValue(counts)	2.000000	1.000000
MaxSensegivenYear(SGY)	2004.000000	1970.000000
MaxSensegivenYearValue(SGY)	1.000000	1.000000
EmergenceYear(SGY)	1982.000000	0.000000
EmergenceValue(SGY)	0.000000	-1.000000
