SENSE INFORMATION	C0027819	C0398791	
StartYear(counts)	1945.000000	2002.000000
StartYearValue(counts)	1.000000	3.000000
LastYear(counts)	2019.000000	2017.000000
LastYearValue(counts)	1.000000	60.000000
MaxSensegivenYear(SGY)	1945.000000	2012.000000
MaxSensegivenYearValue(SGY)	1.000000	0.052885
EmergenceYear(SGY)	0.000000	2003.000000
EmergenceValue(SGY)	-1.000000	0.000000
