SENSE INFORMATION	C0085113	C0162678	
StartYear(counts)	1990.000000	1945.000000
StartYearValue(counts)	11.000000	3.000000
LastYear(counts)	2018.000000	2018.000000
LastYearValue(counts)	232.000000	44.000000
MaxSensegivenYear(SGY)	1990.000000	1945.000000
MaxSensegivenYearValue(SGY)	1.000000	1.000000
EmergenceYear(SGY)	0.000000	0.000000
EmergenceValue(SGY)	-1.000000	-1.000000
