SENSE INFORMATION	C0028905	C0063146	
StartYear(counts)	1945.000000	1946.000000
StartYearValue(counts)	1.000000	2.000000
LastYear(counts)	2018.000000	2019.000000
LastYearValue(counts)	182.000000	1.000000
MaxSensegivenYear(SGY)	1945.000000	2019.000000
MaxSensegivenYearValue(SGY)	1.000000	1.000000
EmergenceYear(SGY)	0.000000	0.000000
EmergenceValue(SGY)	-1.000000	-1.000000
