SENSE INFORMATION	C0026780	C0030583	
StartYear(counts)	1945.000000	1945.000000
StartYearValue(counts)	6.000000	5.000000
LastYear(counts)	2018.000000	2018.000000
LastYearValue(counts)	421.000000	29.000000
MaxSensegivenYear(SGY)	2015.000000	1945.000000
MaxSensegivenYearValue(SGY)	0.939791	0.454545
EmergenceYear(SGY)	0.000000	0.000000
EmergenceValue(SGY)	-1.000000	-1.000000
