SENSE INFORMATION	C0030855	C0031381	
StartYear(counts)	1951.000000	1959.000000
StartYearValue(counts)	2.000000	1.000000
LastYear(counts)	2018.000000	2018.000000
LastYearValue(counts)	55.000000	228.000000
MaxSensegivenYear(SGY)	1951.000000	1961.000000
MaxSensegivenYearValue(SGY)	1.000000	1.000000
EmergenceYear(SGY)	0.000000	0.000000
EmergenceValue(SGY)	-1.000000	-1.000000
