SENSE INFORMATION	C0030779	C0031858	
StartYear(counts)	1950.000000	1949.000000
StartYearValue(counts)	1.000000	1.000000
LastYear(counts)	2017.000000	2018.000000
LastYearValue(counts)	15.000000	87.000000
MaxSensegivenYear(SGY)	1950.000000	1949.000000
MaxSensegivenYearValue(SGY)	1.000000	1.000000
EmergenceYear(SGY)	0.000000	0.000000
EmergenceValue(SGY)	-1.000000	-1.000000
