SENSE INFORMATION	C0017916	C0917783	
StartYear(counts)	1946.000000	1946.000000
StartYearValue(counts)	2.000000	1.000000
LastYear(counts)	2018.000000	2018.000000
LastYearValue(counts)	9.000000	11.000000
MaxSensegivenYear(SGY)	1968.000000	2002.000000
MaxSensegivenYearValue(SGY)	1.000000	0.850000
EmergenceYear(SGY)	0.000000	0.000000
EmergenceValue(SGY)	-1.000000	-1.000000
