SENSE INFORMATION	C0017360	C0032356	
StartYear(counts)	1989.000000	1946.000000
StartYearValue(counts)	3.000000	5.000000
LastYear(counts)	2018.000000	2019.000000
LastYearValue(counts)	72.000000	1.000000
MaxSensegivenYear(SGY)	1995.000000	1946.000000
MaxSensegivenYearValue(SGY)	0.457792	1.000000
EmergenceYear(SGY)	0.000000	0.000000
EmergenceValue(SGY)	-1.000000	-1.000000
