SENSE INFORMATION	C0032624	C0151636	
StartYear(counts)	1947.000000	1946.000000
StartYearValue(counts)	2.000000	1.000000
LastYear(counts)	2019.000000	2018.000000
LastYearValue(counts)	5.000000	492.000000
MaxSensegivenYear(SGY)	1947.000000	1946.000000
MaxSensegivenYearValue(SGY)	1.000000	1.000000
EmergenceYear(SGY)	0.000000	0.000000
EmergenceValue(SGY)	-1.000000	-1.000000
