SENSE INFORMATION	C0851346	C1522449	
StartYear(counts)	1944.000000	1946.000000
StartYearValue(counts)	2.000000	20.000000
LastYear(counts)	2018.000000	2018.000000
LastYearValue(counts)	617.000000	4050.000000
MaxSensegivenYear(SGY)	1944.000000	1998.000000
MaxSensegivenYearValue(SGY)	1.000000	0.979727
EmergenceYear(SGY)	0.000000	0.000000
EmergenceValue(SGY)	-1.000000	-1.000000
