SENSE INFORMATION	C0035335	C0035930	
StartYear(counts)	1946.000000	1951.000000
StartYearValue(counts)	2.000000	9.000000
LastYear(counts)	2018.000000	2018.000000
LastYearValue(counts)	1271.000000	42.000000
MaxSensegivenYear(SGY)	1946.000000	1971.000000
MaxSensegivenYearValue(SGY)	1.000000	0.626374
EmergenceYear(SGY)	0.000000	0.000000
EmergenceValue(SGY)	-1.000000	-1.000000
