SENSE INFORMATION	C0035298	C0035331	
StartYear(counts)	1944.000000	1945.000000
StartYearValue(counts)	2.000000	2.000000
LastYear(counts)	2018.000000	2018.000000
LastYearValue(counts)	11737.000000	153.000000
MaxSensegivenYear(SGY)	1944.000000	1945.000000
MaxSensegivenYearValue(SGY)	1.000000	0.285714
EmergenceYear(SGY)	0.000000	0.000000
EmergenceValue(SGY)	-1.000000	-1.000000
