SENSE INFORMATION	C0037231	C0037506	
StartYear(counts)	1960.000000	1945.000000
StartYearValue(counts)	1.000000	2.000000
LastYear(counts)	2018.000000	2019.000000
LastYearValue(counts)	6.000000	2.000000
MaxSensegivenYear(SGY)	1961.000000	1945.000000
MaxSensegivenYearValue(SGY)	0.500000	1.000000
EmergenceYear(SGY)	1959.000000	0.000000
EmergenceValue(SGY)	0.000000	-1.000000
