SENSE INFORMATION	C0037473	C0037570	
StartYear(counts)	1945.000000	1945.000000
StartYearValue(counts)	26.000000	2.000000
LastYear(counts)	2019.000000	2018.000000
LastYearValue(counts)	2.000000	1177.000000
MaxSensegivenYear(SGY)	1966.000000	1960.000000
MaxSensegivenYearValue(SGY)	1.000000	0.312160
EmergenceYear(SGY)	0.000000	1945.000000
EmergenceValue(SGY)	-1.000000	0.071429
