SENSE INFORMATION	C0164209	C0597731	
StartYear(counts)	1981.000000	1998.000000
StartYearValue(counts)	5.000000	74.000000
LastYear(counts)	2018.000000	2019.000000
LastYearValue(counts)	76.000000	9.000000
MaxSensegivenYear(SGY)	1981.000000	2019.000000
MaxSensegivenYearValue(SGY)	1.000000	1.000000
EmergenceYear(SGY)	0.000000	1996.000000
EmergenceValue(SGY)	-1.000000	0.000000
