SENSE INFORMATION	C0039101	C0085077	
StartYear(counts)	1945.000000	1964.000000
StartYearValue(counts)	1.000000	1.000000
LastYear(counts)	2018.000000	2018.000000
LastYearValue(counts)	510.000000	84.000000
MaxSensegivenYear(SGY)	1945.000000	2007.000000
MaxSensegivenYearValue(SGY)	1.000000	0.559846
EmergenceYear(SGY)	0.000000	1990.000000
EmergenceValue(SGY)	-1.000000	0.022222
