SENSE INFORMATION	C0040975	C0678118	
StartYear(counts)	1950.000000	1965.000000
StartYearValue(counts)	1.000000	1.000000
LastYear(counts)	2015.000000	2019.000000
LastYearValue(counts)	1.000000	3.000000
MaxSensegivenYear(SGY)	1950.000000	1997.000000
MaxSensegivenYearValue(SGY)	1.000000	1.000000
EmergenceYear(SGY)	0.000000	0.000000
EmergenceValue(SGY)	-1.000000	-1.000000
