SENSE INFORMATION	C0008569	C0040509	
StartYear(counts)	1956.000000	1954.000000
StartYearValue(counts)	1.000000	1.000000
LastYear(counts)	2019.000000	2018.000000
LastYearValue(counts)	2.000000	121.000000
MaxSensegivenYear(SGY)	1956.000000	1954.000000
MaxSensegivenYearValue(SGY)	1.000000	1.000000
EmergenceYear(SGY)	0.000000	0.000000
EmergenceValue(SGY)	-1.000000	-1.000000
