SENSE INFORMATION	C0021756	C0040052	
StartYear(counts)	1964.000000	1958.000000
StartYearValue(counts)	1.000000	3.000000
LastYear(counts)	2018.000000	2018.000000
LastYearValue(counts)	1332.000000	269.000000
MaxSensegivenYear(SGY)	1964.000000	1958.000000
MaxSensegivenYearValue(SGY)	1.000000	1.000000
EmergenceYear(SGY)	1976.000000	0.000000
EmergenceValue(SGY)	0.000000	-1.000000
