SENSE INFORMATION	C0041484	C0041485	
StartYear(counts)	1945.000000	1945.000000
StartYearValue(counts)	2.000000	2.000000
LastYear(counts)	2019.000000	2018.000000
LastYearValue(counts)	3.000000	929.000000
MaxSensegivenYear(SGY)	2019.000000	1966.000000
MaxSensegivenYearValue(SGY)	1.000000	1.000000
EmergenceYear(SGY)	0.000000	0.000000
EmergenceValue(SGY)	-1.000000	-1.000000
