SENSE INFORMATION	C0042615	C0206212	
StartYear(counts)	1945.000000	1963.000000
StartYearValue(counts)	25.000000	1.000000
LastYear(counts)	2018.000000	2018.000000
LastYearValue(counts)	414.000000	21.000000
MaxSensegivenYear(SGY)	1945.000000	2005.000000
MaxSensegivenYearValue(SGY)	1.000000	0.202469
EmergenceYear(SGY)	0.000000	0.000000
EmergenceValue(SGY)	-1.000000	-1.000000
