SENSE INFORMATION	C0043041	C0258432	
StartYear(counts)	1945.000000	1994.000000
StartYearValue(counts)	1.000000	2.000000
LastYear(counts)	2018.000000	2018.000000
LastYearValue(counts)	751.000000	45.000000
MaxSensegivenYear(SGY)	1945.000000	1999.000000
MaxSensegivenYearValue(SGY)	1.000000	0.798526
EmergenceYear(SGY)	0.000000	1993.000000
EmergenceValue(SGY)	-1.000000	0.000000
