WSD_INFORMATION	NUM_SENSES	SENSE	EMERGENCE_YEAR	EMERGENCE_VALUE	ALLSURGES	MinYearforSenseData	MaxYearforSenseData	DataStart	DataEnd
PCA	5	C0030131	1972	0.000000	1972|1973|1974|1980|1981|	1974	2016	1945	2019
PCA	5	C0030625	0	NA	NA	1951	2018	1945	2019
PCA	5	C0078944	1987	0.000000	1987|1988|	1989	2018	1945	2019
PCA	5	C0149576	0	NA	NA	1945	2018	1945	2019
PCA	5	C0429865	1999	0.009662	1999|2000|2001|2002|2003|2004|	1960	2019	1945	2019
