WSD_INFORMATION	NUM_SENSES	SENSE	EMERGENCE_YEAR	EMERGENCE_VALUE	ALLSURGES	MinYearforSenseData	MaxYearforSenseData	DataStart	DataEnd
TAT	3	C0017375	1988	0.000000	1988|	1989	2017	1945	2018
TAT	3	C0039341	1983	0.000000	1983|1984|1985|1992|	1985	2018	1945	2018
TAT	3	C0039756	0	NA	NA	1945	2017	1945	2018
