WSD_INFORMATION	NUM_SENSES	SENSE	EMERGENCE_YEAR	EMERGENCE_VALUE	ALLSURGES	MinYearforSenseData	MaxYearforSenseData	DataStart	DataEnd
DDS	3	C0010980	0	NA	NA	1946	2018	1946	2018
DDS	3	C0085104	1988	0.000000	1988|1989|1990|1991|	1948	2018	1946	2018
DDS	3	C0950121	1999	0.000000	1999|2000|2001|	2001	2017	1946	2018
