WSD_INFORMATION	NUM_SENSES	SENSE	EMERGENCE_YEAR	EMERGENCE_VALUE	ALLSURGES	MinYearforSenseData	MaxYearforSenseData	DataStart	DataEnd
DON	2	C0012020	1955	0.000000	1955|	1956	2018	1948	2018
DON	2	C0028652	1979	0.000000	1979|1980|1981|1982|1984|	1948	2018	1948	2018
