WSD_INFORMATION	NUM_SENSES	SENSE	FIRST_YEAR_OCCURENCE	VALUE_FIRST_YEAR_OCCURENCE	MaxSenseGivenYear	MaxSenseGivenYearValue
ADA	2	C0001457	1946	2	1957	1.000000	
ADA	2	C0002456	1946	3	1947	1.000000	
AA	2	C0001972	1947	1	1998	0.020866	
AA	2	C0002520	1945	35	1945	1.000000	
