SENSE INFORMATION	C0006137	C0006222	
StartYear(counts)	1946.000000	1946.000000
StartYearValue(counts)	9.000000	16.000000
LastYear(counts)	2018.000000	2018.000000
LastYearValue(counts)	8254.000000	159.000000
MaxSensegivenYear(SGY)	2018.000000	1967.000000
MaxSensegivenYearValue(SGY)	0.981101	0.647727
EmergenceYear(SGY)	0.000000	0.000000
EmergenceValue(SGY)	-1.000000	-1.000000
