SENSE INFORMATION	C0011905	C1956346	
StartYear(counts)	1983.000000	1985.000000
StartYearValue(counts)	5.000000	4.000000
LastYear(counts)	2018.000000	2018.000000
LastYearValue(counts)	281.000000	6315.000000
MaxSensegivenYear(SGY)	1983.000000	2016.000000
MaxSensegivenYearValue(SGY)	1.000000	0.989852
EmergenceYear(SGY)	0.000000	1983.000000
EmergenceValue(SGY)	-1.000000	0.000000
