SENSE INFORMATION	C0011343	C1706094	
StartYear(counts)	1957.000000	1957.000000
StartYearValue(counts)	1.000000	5.000000
LastYear(counts)	2018.000000	2018.000000
LastYearValue(counts)	193.000000	258.000000
MaxSensegivenYear(SGY)	1966.000000	1957.000000
MaxSensegivenYearValue(SGY)	1.000000	0.833333
EmergenceYear(SGY)	0.000000	0.000000
EmergenceValue(SGY)	-1.000000	-1.000000
