SENSE INFORMATION	C0008107	C0022326	
StartYear(counts)	1949.000000	1951.000000
StartYearValue(counts)	4.000000	5.000000
LastYear(counts)	2018.000000	2018.000000
LastYearValue(counts)	777.000000	195.000000
MaxSensegivenYear(SGY)	1949.000000	1981.000000
MaxSensegivenYearValue(SGY)	1.000000	0.477064
EmergenceYear(SGY)	0.000000	0.000000
EmergenceValue(SGY)	-1.000000	-1.000000
