SENSE INFORMATION	C0265252	C0343084	
StartYear(counts)	2002.000000	1996.000000
StartYearValue(counts)	23.000000	23.000000
LastYear(counts)	2018.000000	2018.000000
LastYearValue(counts)	5.000000	53.000000
MaxSensegivenYear(SGY)	2006.000000	1996.000000
MaxSensegivenYearValue(SGY)	0.818182	1.000000
EmergenceYear(SGY)	0.000000	0.000000
EmergenceValue(SGY)	-1.000000	-1.000000
