SENSE INFORMATION	C0001614	C0007776	
StartYear(counts)	1950.000000	1945.000000
StartYearValue(counts)	1.000000	12.000000
LastYear(counts)	2017.000000	2018.000000
LastYearValue(counts)	2.000000	4230.000000
MaxSensegivenYear(SGY)	1952.000000	1945.000000
MaxSensegivenYearValue(SGY)	0.099476	1.000000
EmergenceYear(SGY)	1948.000000	0.000000
EmergenceValue(SGY)	0.000000	-1.000000
