SENSE INFORMATION	C0010583	C0238052	
StartYear(counts)	1960.000000	1974.000000
StartYearValue(counts)	22.000000	3.000000
LastYear(counts)	2018.000000	2018.000000
LastYearValue(counts)	1118.000000	91.000000
MaxSensegivenYear(SGY)	1960.000000	2018.000000
MaxSensegivenYearValue(SGY)	1.000000	0.075269
EmergenceYear(SGY)	0.000000	1997.000000
EmergenceValue(SGY)	-1.000000	0.019780
