SENSE INFORMATION	C0002395	C0114838	
StartYear(counts)	1974.000000	1989.000000
StartYearValue(counts)	5.000000	8.000000
LastYear(counts)	2018.000000	2018.000000
LastYearValue(counts)	17664.000000	449.000000
MaxSensegivenYear(SGY)	1974.000000	2004.000000
MaxSensegivenYearValue(SGY)	1.000000	0.091768
EmergenceYear(SGY)	0.000000	1989.000000
EmergenceValue(SGY)	-1.000000	0.002322
