SENSE INFORMATION	C0025923	C1260899	
StartYear(counts)	1972.000000	2001.000000
StartYearValue(counts)	5.000000	1.000000
LastYear(counts)	2018.000000	2018.000000
LastYearValue(counts)	5.000000	20.000000
MaxSensegivenYear(SGY)	1972.000000	2009.000000
MaxSensegivenYearValue(SGY)	1.000000	0.852941
EmergenceYear(SGY)	0.000000	1999.000000
EmergenceValue(SGY)	-1.000000	0.000000
