SENSE INFORMATION	C0011037	C0026256	
StartYear(counts)	1962.000000	1963.000000
StartYearValue(counts)	4.000000	3.000000
LastYear(counts)	2018.000000	2018.000000
LastYearValue(counts)	4.000000	161.000000
MaxSensegivenYear(SGY)	1962.000000	1988.000000
MaxSensegivenYearValue(SGY)	1.000000	1.000000
EmergenceYear(SGY)	0.000000	0.000000
EmergenceValue(SGY)	-1.000000	-1.000000
