SENSE INFORMATION	C0018064	C1623258	
StartYear(counts)	1945.000000	1945.000000
StartYearValue(counts)	1.000000	14.000000
LastYear(counts)	2018.000000	2018.000000
LastYearValue(counts)	73.000000	5502.000000
MaxSensegivenYear(SGY)	1946.000000	1949.000000
MaxSensegivenYearValue(SGY)	0.125000	1.000000
EmergenceYear(SGY)	1989.000000	0.000000
EmergenceValue(SGY)	0.000000	-1.000000
