SENSE INFORMATION	C0018120	C0221971	
StartYear(counts)	1949.000000	1949.000000
StartYearValue(counts)	6.000000	3.000000
LastYear(counts)	2018.000000	2018.000000
LastYearValue(counts)	3223.000000	725.000000
MaxSensegivenYear(SGY)	1966.000000	1962.000000
MaxSensegivenYearValue(SGY)	1.000000	0.653846
EmergenceYear(SGY)	0.000000	0.000000
EmergenceValue(SGY)	-1.000000	-1.000000
