SENSE INFORMATION	C0019552	C0022122	
StartYear(counts)	1946.000000	1947.000000
StartYearValue(counts)	19.000000	2.000000
LastYear(counts)	2018.000000	2018.000000
LastYearValue(counts)	1107.000000	12.000000
MaxSensegivenYear(SGY)	1946.000000	1965.000000
MaxSensegivenYearValue(SGY)	1.000000	0.125000
EmergenceYear(SGY)	0.000000	0.000000
EmergenceValue(SGY)	-1.000000	-1.000000
