SENSE INFORMATION	C0019682	C0019693	
StartYear(counts)	1985.000000	1987.000000
StartYearValue(counts)	21.000000	4.000000
LastYear(counts)	2018.000000	2018.000000
LastYearValue(counts)	2620.000000	56060.000000
MaxSensegivenYear(SGY)	1985.000000	2018.000000
MaxSensegivenYearValue(SGY)	1.000000	0.955351
EmergenceYear(SGY)	0.000000	1987.000000
EmergenceValue(SGY)	-1.000000	0.001119
