SENSE INFORMATION	C0021487	C0022037	
StartYear(counts)	1946.000000	1946.000000
StartYearValue(counts)	1.000000	12.000000
LastYear(counts)	2018.000000	2018.000000
LastYearValue(counts)	29.000000	194.000000
MaxSensegivenYear(SGY)	1962.000000	1946.000000
MaxSensegivenYearValue(SGY)	0.760000	0.923077
EmergenceYear(SGY)	1946.000000	0.000000
EmergenceValue(SGY)	0.076923	-1.000000
