SENSE INFORMATION	C0021246	C0021247	
StartYear(counts)	1963.000000	1949.000000
StartYearValue(counts)	4.000000	11.000000
LastYear(counts)	2018.000000	2018.000000
LastYearValue(counts)	669.000000	1391.000000
MaxSensegivenYear(SGY)	1987.000000	1949.000000
MaxSensegivenYearValue(SGY)	0.977448	1.000000
EmergenceYear(SGY)	1961.000000	0.000000
EmergenceValue(SGY)	0.000000	-1.000000
