SENSE INFORMATION	C0019829	C0036202	
StartYear(counts)	1945.000000	1945.000000
StartYearValue(counts)	8.000000	16.000000
LastYear(counts)	2018.000000	2018.000000
LastYearValue(counts)	998.000000	949.000000
MaxSensegivenYear(SGY)	1973.000000	1946.000000
MaxSensegivenYearValue(SGY)	0.734435	0.710526
EmergenceYear(SGY)	0.000000	0.000000
EmergenceValue(SGY)	-1.000000	-1.000000
