SENSE INFORMATION	C0014063	C0065661	
StartYear(counts)	1973.000000	1984.000000
StartYearValue(counts)	15.000000	1.000000
LastYear(counts)	2018.000000	2018.000000
LastYearValue(counts)	298.000000	360.000000
MaxSensegivenYear(SGY)	1973.000000	2012.000000
MaxSensegivenYearValue(SGY)	1.000000	0.730364
EmergenceYear(SGY)	0.000000	1999.000000
EmergenceValue(SGY)	-1.000000	0.017626
