SENSE INFORMATION	C0007129	C0162804	
StartYear(counts)	1988.000000	1991.000000
StartYearValue(counts)	18.000000	1.000000
LastYear(counts)	2018.000000	2014.000000
LastYearValue(counts)	412.000000	316.000000
MaxSensegivenYear(SGY)	1988.000000	2014.000000
MaxSensegivenYearValue(SGY)	1.000000	0.215700
EmergenceYear(SGY)	0.000000	1990.000000
EmergenceValue(SGY)	-1.000000	0.000000
