SENSE INFORMATION	C0001629	C0025148	
StartYear(counts)	1946.000000	1947.000000
StartYearValue(counts)	4.000000	6.000000
LastYear(counts)	2018.000000	2018.000000
LastYearValue(counts)	8.000000	200.000000
MaxSensegivenYear(SGY)	1946.000000	2018.000000
MaxSensegivenYearValue(SGY)	1.000000	0.961538
EmergenceYear(SGY)	0.000000	0.000000
EmergenceValue(SGY)	-1.000000	-1.000000
