SENSE INFORMATION	C0024518	C0027100	
StartYear(counts)	1978.000000	1986.000000
StartYearValue(counts)	56.000000	10.000000
LastYear(counts)	2018.000000	2018.000000
LastYearValue(counts)	507.000000	245.000000
MaxSensegivenYear(SGY)	1978.000000	2002.000000
MaxSensegivenYearValue(SGY)	1.000000	0.522796
EmergenceYear(SGY)	0.000000	0.000000
EmergenceValue(SGY)	-1.000000	-1.000000
