SENSE INFORMATION	C0006147	C0028661	
StartYear(counts)	1945.000000	1945.000000
StartYearValue(counts)	18.000000	17.000000
LastYear(counts)	2018.000000	2018.000000
LastYearValue(counts)	4990.000000	3603.000000
MaxSensegivenYear(SGY)	1960.000000	1966.000000
MaxSensegivenYearValue(SGY)	0.780220	0.844720
EmergenceYear(SGY)	0.000000	0.000000
EmergenceValue(SGY)	-1.000000	-1.000000
