SENSE INFORMATION	C0206601	C0242961	
StartYear(counts)	1993.000000	1993.000000
StartYearValue(counts)	31.000000	6.000000
LastYear(counts)	2018.000000	2018.000000
LastYearValue(counts)	85.000000	175.000000
MaxSensegivenYear(SGY)	1993.000000	2007.000000
MaxSensegivenYearValue(SGY)	0.837838	0.924928
EmergenceYear(SGY)	0.000000	1993.000000
EmergenceValue(SGY)	-1.000000	0.162162
