SENSE INFORMATION	C0030855	C0031381	
StartYear(counts)	1972.000000	1972.000000
StartYearValue(counts)	9.000000	6.000000
LastYear(counts)	2018.000000	2018.000000
LastYearValue(counts)	55.000000	228.000000
MaxSensegivenYear(SGY)	2006.000000	1989.000000
MaxSensegivenYearValue(SGY)	0.608355	0.914810
EmergenceYear(SGY)	0.000000	0.000000
EmergenceValue(SGY)	-1.000000	-1.000000
