SENSE INFORMATION	C0030779	C0031858	
StartYear(counts)	1976.000000	1975.000000
StartYearValue(counts)	2.000000	4.000000
LastYear(counts)	2017.000000	2018.000000
LastYearValue(counts)	15.000000	87.000000
MaxSensegivenYear(SGY)	1976.000000	1975.000000
MaxSensegivenYearValue(SGY)	0.500000	1.000000
EmergenceYear(SGY)	2002.000000	0.000000
EmergenceValue(SGY)	0.022082	-1.000000
