SENSE INFORMATION	C0034044	C0034833	
StartYear(counts)	1945.000000	1973.000000
StartYearValue(counts)	5.000000	3.000000
LastYear(counts)	2018.000000	2018.000000
LastYearValue(counts)	224.000000	883.000000
MaxSensegivenYear(SGY)	1945.000000	1988.000000
MaxSensegivenYearValue(SGY)	1.000000	0.961175
EmergenceYear(SGY)	0.000000	1972.000000
EmergenceValue(SGY)	-1.000000	0.000000
