SENSE INFORMATION	C0032624	C0151636	
StartYear(counts)	1974.000000	1988.000000
StartYearValue(counts)	6.000000	2.000000
LastYear(counts)	2018.000000	2018.000000
LastYearValue(counts)	417.000000	492.000000
MaxSensegivenYear(SGY)	1974.000000	2017.000000
MaxSensegivenYearValue(SGY)	1.000000	0.678190
EmergenceYear(SGY)	0.000000	0.000000
EmergenceValue(SGY)	-1.000000	-1.000000
