SENSE INFORMATION	C0162731	C0242767	
StartYear(counts)	1992.000000	1994.000000
StartYearValue(counts)	22.000000	15.000000
LastYear(counts)	2018.000000	2018.000000
LastYearValue(counts)	9.000000	1230.000000
MaxSensegivenYear(SGY)	1992.000000	2018.000000
MaxSensegivenYearValue(SGY)	1.000000	0.992736
EmergenceYear(SGY)	0.000000	0.000000
EmergenceValue(SGY)	-1.000000	-1.000000
