SENSE INFORMATION	C0038280	C0038288	
StartYear(counts)	1945.000000	1945.000000
StartYearValue(counts)	7.000000	6.000000
LastYear(counts)	2018.000000	2018.000000
LastYearValue(counts)	222.000000	42.000000
MaxSensegivenYear(SGY)	1999.000000	1979.000000
MaxSensegivenYearValue(SGY)	0.920732	0.553922
EmergenceYear(SGY)	0.000000	0.000000
EmergenceValue(SGY)	-1.000000	-1.000000
