SENSE INFORMATION	C0038395	C0038402	
StartYear(counts)	1945.000000	1945.000000
StartYearValue(counts)	2.000000	17.000000
LastYear(counts)	2018.000000	2018.000000
LastYearValue(counts)	97.000000	363.000000
MaxSensegivenYear(SGY)	1958.000000	1973.000000
MaxSensegivenYearValue(SGY)	0.333333	0.931889
EmergenceYear(SGY)	0.000000	0.000000
EmergenceValue(SGY)	-1.000000	-1.000000
