SENSE INFORMATION	C0039062	C0598501	
StartYear(counts)	1950.000000	1951.000000
StartYearValue(counts)	13.000000	1.000000
LastYear(counts)	2018.000000	2018.000000
LastYearValue(counts)	2293.000000	100.000000
MaxSensegivenYear(SGY)	1950.000000	1958.000000
MaxSensegivenYearValue(SGY)	1.000000	0.128205
EmergenceYear(SGY)	0.000000	1998.000000
EmergenceValue(SGY)	-1.000000	0.000000
