SENSE INFORMATION	C0032143	C0039654	
StartYear(counts)	1982.000000	1975.000000
StartYearValue(counts)	1.000000	35.000000
LastYear(counts)	2018.000000	2018.000000
LastYearValue(counts)	1443.000000	782.000000
MaxSensegivenYear(SGY)	2017.000000	1975.000000
MaxSensegivenYearValue(SGY)	0.671111	1.000000
EmergenceYear(SGY)	1983.000000	0.000000
EmergenceValue(SGY)	0.002974	-1.000000
