SENSE INFORMATION	C0021759	C0040162	
StartYear(counts)	1980.000000	1968.000000
StartYearValue(counts)	7.000000	8.000000
LastYear(counts)	2018.000000	2018.000000
LastYearValue(counts)	19.000000	181.000000
MaxSensegivenYear(SGY)	2017.000000	1968.000000
MaxSensegivenYearValue(SGY)	0.623377	1.000000
EmergenceYear(SGY)	0.000000	0.000000
EmergenceValue(SGY)	-1.000000	-1.000000
