SENSE INFORMATION	C0021756	C0040052	
StartYear(counts)	1977.000000	1974.000000
StartYearValue(counts)	4.000000	5.000000
LastYear(counts)	2018.000000	2018.000000
LastYearValue(counts)	1332.000000	269.000000
MaxSensegivenYear(SGY)	1984.000000	1974.000000
MaxSensegivenYearValue(SGY)	0.999252	1.000000
EmergenceYear(SGY)	1976.000000	0.000000
EmergenceValue(SGY)	0.000000	-1.000000
