SENSE INFORMATION	C0001942	C0003779	
StartYear(counts)	1976.000000	1975.000000
StartYearValue(counts)	7.000000	49.000000
LastYear(counts)	2018.000000	2018.000000
LastYearValue(counts)	298.000000	25.000000
MaxSensegivenYear(SGY)	2018.000000	1975.000000
MaxSensegivenYearValue(SGY)	0.922601	1.000000
EmergenceYear(SGY)	1978.000000	0.000000
EmergenceValue(SGY)	0.070866	-1.000000
