SENSE INFORMATION	C0002463	C0003243	
StartYear(counts)	1963.000000	1962.000000
StartYearValue(counts)	1.000000	6.000000
LastYear(counts)	2017.000000	2018.000000
LastYearValue(counts)	4.000000	357.000000
MaxSensegivenYear(SGY)	1966.000000	1962.000000
MaxSensegivenYearValue(SGY)	0.619048	1.000000
EmergenceYear(SGY)	1962.000000	0.000000
EmergenceValue(SGY)	0.000000	-1.000000
