SENSE INFORMATION	C0225984	C0684204	
StartYear(counts)	1950.000000	1950.000000
StartYearValue(counts)	15.000000	15.000000
LastYear(counts)	2018.000000	2018.000000
LastYearValue(counts)	2.000000	7.000000
MaxSensegivenYear(SGY)	1966.000000	2002.000000
MaxSensegivenYearValue(SGY)	1.000000	0.928571
EmergenceYear(SGY)	1950.000000	0.000000
EmergenceValue(SGY)	0.500000	-1.000000
