SENSE INFORMATION	C0085105	C0085209	
StartYear(counts)	1991.000000	1991.000000
StartYearValue(counts)	99.000000	40.000000
LastYear(counts)	2018.000000	2018.000000
LastYearValue(counts)	195.000000	213.000000
MaxSensegivenYear(SGY)	1991.000000	2011.000000
MaxSensegivenYearValue(SGY)	0.712230	0.884393
EmergenceYear(SGY)	0.000000	1991.000000
EmergenceValue(SGY)	-1.000000	0.287770
