SENSE INFORMATION	C0030163	C0037189	
StartYear(counts)	1954.000000	1954.000000
StartYearValue(counts)	2.000000	4.000000
LastYear(counts)	2018.000000	2018.000000
LastYearValue(counts)	401.000000	65.000000
MaxSensegivenYear(SGY)	1969.000000	1954.000000
MaxSensegivenYearValue(SGY)	0.928571	0.666667
EmergenceYear(SGY)	1954.000000	0.000000
EmergenceValue(SGY)	0.333333	-1.000000
