SENSE INFORMATION	C0007022	C0209338	
StartYear(counts)	1946.000000	1991.000000
StartYearValue(counts)	22.000000	1.000000
LastYear(counts)	2018.000000	2018.000000
LastYearValue(counts)	271.000000	38.000000
MaxSensegivenYear(SGY)	1946.000000	2015.000000
MaxSensegivenYearValue(SGY)	1.000000	0.413351
EmergenceYear(SGY)	0.000000	1994.000000
EmergenceValue(SGY)	-1.000000	0.008403
