SENSE INFORMATION	C0002876	C0092801	
StartYear(counts)	1979.000000	1983.000000
StartYearValue(counts)	11.000000	10.000000
LastYear(counts)	2018.000000	2018.000000
LastYearValue(counts)	3.000000	143.000000
MaxSensegivenYear(SGY)	1979.000000	2018.000000
MaxSensegivenYearValue(SGY)	1.000000	0.979452
EmergenceYear(SGY)	0.000000	1982.000000
EmergenceValue(SGY)	-1.000000	0.000000
