SENSE INFORMATION	C0007099	C0162854	
StartYear(counts)	1972.000000	1992.000000
StartYearValue(counts)	17.000000	6.000000
LastYear(counts)	2018.000000	2018.000000
LastYearValue(counts)	215.000000	21.000000
MaxSensegivenYear(SGY)	1972.000000	2012.000000
MaxSensegivenYearValue(SGY)	1.000000	0.114370
EmergenceYear(SGY)	0.000000	1991.000000
EmergenceValue(SGY)	-1.000000	0.000000
