SENSE INFORMATION	C0009237	C0085952	
StartYear(counts)	1960.000000	1962.000000
StartYearValue(counts)	12.000000	1.000000
LastYear(counts)	2018.000000	2018.000000
LastYearValue(counts)	2050.000000	795.000000
MaxSensegivenYear(SGY)	1960.000000	2005.000000
MaxSensegivenYearValue(SGY)	1.000000	0.364185
EmergenceYear(SGY)	0.000000	2001.000000
EmergenceValue(SGY)	-1.000000	0.000000
