SENSE INFORMATION	C0009563	C1321605	
StartYear(counts)	1974.000000	1974.000000
StartYearValue(counts)	3.000000	4.000000
LastYear(counts)	2018.000000	2018.000000
LastYearValue(counts)	80.000000	1086.000000
MaxSensegivenYear(SGY)	1976.000000	2015.000000
MaxSensegivenYearValue(SGY)	0.538462	0.943307
EmergenceYear(SGY)	0.000000	0.000000
EmergenceValue(SGY)	-1.000000	-1.000000
