SENSE INFORMATION	C0040441	C0085163	
StartYear(counts)	1986.000000	1990.000000
StartYearValue(counts)	12.000000	1.000000
LastYear(counts)	2018.000000	2018.000000
LastYearValue(counts)	10.000000	77.000000
MaxSensegivenYear(SGY)	1986.000000	1997.000000
MaxSensegivenYearValue(SGY)	1.000000	0.970760
EmergenceYear(SGY)	0.000000	0.000000
EmergenceValue(SGY)	-1.000000	-1.000000
