SENSE INFORMATION	C0011485	C0012764	
StartYear(counts)	1973.000000	1966.000000
StartYearValue(counts)	9.000000	6.000000
LastYear(counts)	2018.000000	2018.000000
LastYearValue(counts)	60.000000	77.000000
MaxSensegivenYear(SGY)	1984.000000	1966.000000
MaxSensegivenYearValue(SGY)	0.918367	1.000000
EmergenceYear(SGY)	1971.000000	0.000000
EmergenceValue(SGY)	0.000000	-1.000000
