SENSE INFORMATION	C0001948	C0684271	
StartYear(counts)	1946.000000	1946.000000
StartYearValue(counts)	3.000000	1.000000
LastYear(counts)	2018.000000	2018.000000
LastYearValue(counts)	8204.000000	200.000000
MaxSensegivenYear(SGY)	2012.000000	1966.000000
MaxSensegivenYearValue(SGY)	0.981452	1.000000
EmergenceYear(SGY)	0.000000	1946.000000
EmergenceValue(SGY)	-1.000000	0.250000
