SENSE INFORMATION	C0014921	C0026019	
StartYear(counts)	1975.000000	1946.000000
StartYearValue(counts)	16.000000	11.000000
LastYear(counts)	2018.000000	2018.000000
LastYearValue(counts)	3.000000	620.000000
MaxSensegivenYear(SGY)	2005.000000	1946.000000
MaxSensegivenYearValue(SGY)	0.103394	1.000000
EmergenceYear(SGY)	1973.000000	0.000000
EmergenceValue(SGY)	0.000000	-1.000000
