SENSE INFORMATION	C0014772	C0014792	
StartYear(counts)	1945.000000	1945.000000
StartYearValue(counts)	2.000000	24.000000
LastYear(counts)	2018.000000	2018.000000
LastYearValue(counts)	224.000000	6193.000000
MaxSensegivenYear(SGY)	1945.000000	1956.000000
MaxSensegivenYearValue(SGY)	0.076923	0.995614
EmergenceYear(SGY)	0.000000	0.000000
EmergenceValue(SGY)	-1.000000	-1.000000
