SENSE INFORMATION	C0041713	C0206682	
StartYear(counts)	1982.000000	1993.000000
StartYearValue(counts)	29.000000	45.000000
LastYear(counts)	2017.000000	2018.000000
LastYearValue(counts)	1.000000	283.000000
MaxSensegivenYear(SGY)	1982.000000	2018.000000
MaxSensegivenYearValue(SGY)	1.000000	1.000000
EmergenceYear(SGY)	0.000000	1992.000000
EmergenceValue(SGY)	-1.000000	0.000000
