SENSE INFORMATION	C0242872	C0949851	
StartYear(counts)	2002.000000	2002.000000
StartYearValue(counts)	1.000000	37.000000
LastYear(counts)	2017.000000	2018.000000
LastYearValue(counts)	132.000000	19.000000
MaxSensegivenYear(SGY)	2017.000000	2003.000000
MaxSensegivenYearValue(SGY)	0.471429	1.000000
EmergenceYear(SGY)	2004.000000	0.000000
EmergenceValue(SGY)	0.000000	-1.000000
