SENSE INFORMATION	C0021760	C0062534	
StartYear(counts)	1984.000000	1984.000000
StartYearValue(counts)	2.000000	4.000000
LastYear(counts)	2018.000000	2018.000000
LastYearValue(counts)	9361.000000	1458.000000
MaxSensegivenYear(SGY)	1988.000000	1984.000000
MaxSensegivenYearValue(SGY)	0.996855	0.666667
EmergenceYear(SGY)	0.000000	0.000000
EmergenceValue(SGY)	-1.000000	-1.000000
