SENSE INFORMATION	C0010343	C0018810	
StartYear(counts)	1950.000000	1947.000000
StartYearValue(counts)	6.000000	8.000000
LastYear(counts)	2018.000000	2018.000000
LastYearValue(counts)	275.000000	6601.000000
MaxSensegivenYear(SGY)	1954.000000	1947.000000
MaxSensegivenYearValue(SGY)	0.578947	1.000000
EmergenceYear(SGY)	0.000000	0.000000
EmergenceValue(SGY)	-1.000000	-1.000000
