SENSE INFORMATION	C0021069	C0021171	
StartYear(counts)	1989.000000	1986.000000
StartYearValue(counts)	2.000000	10.000000
LastYear(counts)	2018.000000	2018.000000
LastYearValue(counts)	403.000000	8.000000
MaxSensegivenYear(SGY)	2012.000000	1986.000000
MaxSensegivenYearValue(SGY)	0.991823	1.000000
EmergenceYear(SGY)	2000.000000	0.000000
EmergenceValue(SGY)	0.000000	-1.000000
