SENSE INFORMATION	C0022341	C0031106	
StartYear(counts)	1946.000000	1947.000000
StartYearValue(counts)	15.000000	2.000000
LastYear(counts)	2018.000000	2018.000000
LastYearValue(counts)	6395.000000	45.000000
MaxSensegivenYear(SGY)	1946.000000	1949.000000
MaxSensegivenYearValue(SGY)	1.000000	0.636364
EmergenceYear(SGY)	0.000000	1946.000000
EmergenceValue(SGY)	-1.000000	0.000000
