SENSE INFORMATION	C0023281	C1548483	
StartYear(counts)	1945.000000	1947.000000
StartYearValue(counts)	8.000000	1.000000
LastYear(counts)	2018.000000	2018.000000
LastYearValue(counts)	617.000000	83.000000
MaxSensegivenYear(SGY)	1945.000000	2011.000000
MaxSensegivenYearValue(SGY)	1.000000	0.214397
EmergenceYear(SGY)	0.000000	2005.000000
EmergenceValue(SGY)	-1.000000	0.000000
