SENSE INFORMATION	C0013570	C0079941	
StartYear(counts)	1980.000000	1982.000000
StartYearValue(counts)	14.000000	2.000000
LastYear(counts)	2018.000000	2018.000000
LastYearValue(counts)	66.000000	1525.000000
MaxSensegivenYear(SGY)	1980.000000	1992.000000
MaxSensegivenYearValue(SGY)	1.000000	0.992958
EmergenceYear(SGY)	0.000000	1986.000000
EmergenceValue(SGY)	-1.000000	0.062500
