SENSE INFORMATION	C0032533	C0039483	
StartYear(counts)	1957.000000	1957.000000
StartYearValue(counts)	2.000000	4.000000
LastYear(counts)	2018.000000	2018.000000
LastYearValue(counts)	247.000000	666.000000
MaxSensegivenYear(SGY)	1972.000000	1958.000000
MaxSensegivenYearValue(SGY)	0.529412	1.000000
EmergenceYear(SGY)	0.000000	0.000000
EmergenceValue(SGY)	-1.000000	-1.000000
