SENSE INFORMATION	C0040452	C0242726	
StartYear(counts)	1945.000000	1945.000000
StartYearValue(counts)	1.000000	6.000000
LastYear(counts)	2018.000000	2018.000000
LastYearValue(counts)	982.000000	15633.000000
MaxSensegivenYear(SGY)	1967.000000	1957.000000
MaxSensegivenYearValue(SGY)	1.000000	0.971429
EmergenceYear(SGY)	0.000000	0.000000
EmergenceValue(SGY)	-1.000000	-1.000000
