SENSE INFORMATION	C1175175	C1175743	
StartYear(counts)	2002.000000	2002.000000
StartYearValue(counts)	3.000000	1.000000
LastYear(counts)	2018.000000	2018.000000
LastYearValue(counts)	73.000000	91.000000
MaxSensegivenYear(SGY)	2002.000000	2014.000000
MaxSensegivenYearValue(SGY)	0.750000	0.622034
EmergenceYear(SGY)	0.000000	2002.000000
EmergenceValue(SGY)	-1.000000	0.250000
