SENSE INFORMATION	C0036319	C0036330	
StartYear(counts)	1971.000000	1977.000000
StartYearValue(counts)	42.000000	2.000000
LastYear(counts)	2018.000000	2018.000000
LastYearValue(counts)	165.000000	145.000000
MaxSensegivenYear(SGY)	1971.000000	1998.000000
MaxSensegivenYearValue(SGY)	1.000000	0.544031
EmergenceYear(SGY)	0.000000	0.000000
EmergenceValue(SGY)	-1.000000	-1.000000
