SENSE INFORMATION	C0037231	C0037506	
StartYear(counts)	1991.000000	1971.000000
StartYearValue(counts)	22.000000	9.000000
LastYear(counts)	2018.000000	2018.000000
LastYearValue(counts)	6.000000	607.000000
MaxSensegivenYear(SGY)	2010.000000	1971.000000
MaxSensegivenYearValue(SGY)	0.068021	1.000000
EmergenceYear(SGY)	0.000000	0.000000
EmergenceValue(SGY)	-1.000000	-1.000000
