SENSE INFORMATION	C0038160	C0038170	
StartYear(counts)	1945.000000	1945.000000
StartYearValue(counts)	2.000000	13.000000
LastYear(counts)	2018.000000	2018.000000
LastYearValue(counts)	111.000000	574.000000
MaxSensegivenYear(SGY)	1956.000000	1974.000000
MaxSensegivenYearValue(SGY)	0.474820	0.927063
EmergenceYear(SGY)	0.000000	0.000000
EmergenceValue(SGY)	-1.000000	-1.000000
