SENSE INFORMATION	C0040975	C0678118	
StartYear(counts)	2004.000000	2002.000000
StartYearValue(counts)	5.000000	8.000000
LastYear(counts)	2015.000000	2018.000000
LastYearValue(counts)	1.000000	1688.000000
MaxSensegivenYear(SGY)	2004.000000	2002.000000
MaxSensegivenYearValue(SGY)	0.009653	1.000000
EmergenceYear(SGY)	0.000000	0.000000
EmergenceValue(SGY)	-1.000000	-1.000000
