SENSE INFORMATION	C0008569	C0040509	
StartYear(counts)	1959.000000	1959.000000
StartYearValue(counts)	3.000000	2.000000
LastYear(counts)	2018.000000	2018.000000
LastYearValue(counts)	462.000000	121.000000
MaxSensegivenYear(SGY)	1961.000000	1959.000000
MaxSensegivenYearValue(SGY)	1.000000	0.400000
EmergenceYear(SGY)	0.000000	1974.000000
EmergenceValue(SGY)	-1.000000	0.000000
