SENSE INFORMATION	C0039493	C0039496	
StartYear(counts)	1946.000000	1946.000000
StartYearValue(counts)	7.000000	2.000000
LastYear(counts)	2018.000000	2018.000000
LastYearValue(counts)	1012.000000	34.000000
MaxSensegivenYear(SGY)	2018.000000	1983.000000
MaxSensegivenYearValue(SGY)	0.967495	0.456311
EmergenceYear(SGY)	0.000000	0.000000
EmergenceValue(SGY)	-1.000000	-1.000000
