SENSE INFORMATION	C0040079	C0041041	
StartYear(counts)	1975.000000	1970.000000
StartYearValue(counts)	4.000000	8.000000
LastYear(counts)	2017.000000	2018.000000
LastYearValue(counts)	76.000000	155.000000
MaxSensegivenYear(SGY)	2014.000000	1970.000000
MaxSensegivenYearValue(SGY)	0.251984	1.000000
EmergenceYear(SGY)	0.000000	0.000000
EmergenceValue(SGY)	-1.000000	-1.000000
