SENSE INFORMATION	C0076088	C0077400	
StartYear(counts)	1985.000000	1980.000000
StartYearValue(counts)	6.000000	39.000000
LastYear(counts)	2018.000000	2018.000000
LastYearValue(counts)	267.000000	14.000000
MaxSensegivenYear(SGY)	2018.000000	1980.000000
MaxSensegivenYearValue(SGY)	0.950178	1.000000
EmergenceYear(SGY)	1983.000000	0.000000
EmergenceValue(SGY)	0.000000	-1.000000
