SENSE INFORMATION	C0041070	C0077404	
StartYear(counts)	1982.000000	1981.000000
StartYearValue(counts)	27.000000	9.000000
LastYear(counts)	2018.000000	2018.000000
LastYearValue(counts)	35.000000	224.000000
MaxSensegivenYear(SGY)	1982.000000	1981.000000
MaxSensegivenYearValue(SGY)	0.540000	1.000000
EmergenceYear(SGY)	0.000000	0.000000
EmergenceValue(SGY)	-1.000000	-1.000000
