SENSE INFORMATION	C0041618	C0041703	
StartYear(counts)	1945.000000	1945.000000
StartYearValue(counts)	1.000000	24.000000
LastYear(counts)	2018.000000	2018.000000
LastYearValue(counts)	11629.000000	14174.000000
MaxSensegivenYear(SGY)	1988.000000	1946.000000
MaxSensegivenYearValue(SGY)	0.738085	1.000000
EmergenceYear(SGY)	1971.000000	0.000000
EmergenceValue(SGY)	0.197802	-1.000000
