SENSE INFORMATION	C0007799	C0018827	
StartYear(counts)	1945.000000	1945.000000
StartYearValue(counts)	1.000000	6.000000
LastYear(counts)	2018.000000	2018.000000
LastYearValue(counts)	71.000000	4762.000000
MaxSensegivenYear(SGY)	1946.000000	2018.000000
MaxSensegivenYearValue(SGY)	0.235294	0.985309
EmergenceYear(SGY)	0.000000	0.000000
EmergenceValue(SGY)	-1.000000	-1.000000
