SENSE INFORMATION	C0004903	C0175702	
StartYear(counts)	1982.000000	1995.000000
StartYearValue(counts)	6.000000	33.000000
LastYear(counts)	2018.000000	2018.000000
LastYearValue(counts)	45.000000	160.000000
MaxSensegivenYear(SGY)	1982.000000	2017.000000
MaxSensegivenYearValue(SGY)	1.000000	0.861055
EmergenceYear(SGY)	0.000000	1994.000000
EmergenceValue(SGY)	-1.000000	0.000000
