SENSE INFORMATION	C0027708	C0148873	
StartYear(counts)	1946.000000	1991.000000
StartYearValue(counts)	9.000000	4.000000
LastYear(counts)	2018.000000	2018.000000
LastYearValue(counts)	452.000000	181.000000
MaxSensegivenYear(SGY)	1946.000000	2013.000000
MaxSensegivenYearValue(SGY)	1.000000	0.741810
EmergenceYear(SGY)	0.000000	1991.000000
EmergenceValue(SGY)	-1.000000	0.007273
