WSD_INFORMATION	NUM_SENSES	SENSE	EMERGENCE_YEAR	EMERGENCE_VALUE	ALLSURGES	MinYearforSenseData	MaxYearforSenseData	DataStart	DataEnd
Cold	3	C0009264	0	NA	NA	1945	2018	1945	2018
Cold	3	C0009443	1945	0.181818	1945|	1945	2018	1945	2018
Cold	3	C0024117	1998	0.003819	1998|1999|2000|2001|2002|	1959	2018	1945	2018
