SENSE INFORMATION	C0001942	C0003779	
StartYear(counts)	1948.000000	1954.000000
StartYearValue(counts)	1.000000	1.000000
LastYear(counts)	2018.000000	2018.000000
LastYearValue(counts)	298.000000	25.000000
MaxSensegivenYear(SGY)	1948.000000	1968.000000
MaxSensegivenYearValue(SGY)	1.000000	1.000000
EmergenceYear(SGY)	0.000000	1955.000000
EmergenceValue(SGY)	-1.000000	0.200000
