SENSE INFORMATION	C0001459	C0004374	
StartYear(counts)	1947.000000	1959.000000
StartYearValue(counts)	1.000000	1.000000
LastYear(counts)	2018.000000	2018.000000
LastYearValue(counts)	440.000000	3.000000
MaxSensegivenYear(SGY)	1947.000000	1968.000000
MaxSensegivenYearValue(SGY)	1.000000	1.000000
EmergenceYear(SGY)	0.000000	1958.000000
EmergenceValue(SGY)	-1.000000	0.000000
