SENSE INFORMATION	C0002736	C0003372	
StartYear(counts)	1946.000000	1968.000000
StartYearValue(counts)	3.000000	58.000000
LastYear(counts)	2018.000000	2018.000000
LastYearValue(counts)	4064.000000	7.000000
MaxSensegivenYear(SGY)	1946.000000	1969.000000
MaxSensegivenYearValue(SGY)	1.000000	0.850515
EmergenceYear(SGY)	0.000000	0.000000
EmergenceValue(SGY)	-1.000000	-1.000000
