SENSE INFORMATION	C0023434	C2004493	
StartYear(counts)	1946.000000	1988.000000
StartYearValue(counts)	2.000000	5.000000
LastYear(counts)	2018.000000	2018.000000
LastYearValue(counts)	1771.000000	1.000000
MaxSensegivenYear(SGY)	1946.000000	1995.000000
MaxSensegivenYearValue(SGY)	1.000000	0.011567
EmergenceYear(SGY)	0.000000	1991.000000
EmergenceValue(SGY)	-1.000000	0.005764
