SENSE INFORMATION	C0005740	C0005859	
StartYear(counts)	1970.000000	1954.000000
StartYearValue(counts)	1.000000	1.000000
LastYear(counts)	2018.000000	2018.000000
LastYearValue(counts)	1960.000000	136.000000
MaxSensegivenYear(SGY)	1970.000000	1954.000000
MaxSensegivenYearValue(SGY)	1.000000	1.000000
EmergenceYear(SGY)	0.000000	0.000000
EmergenceValue(SGY)	-1.000000	-1.000000
