SENSE INFORMATION	C0006767	C0376154	
StartYear(counts)	1947.000000	1947.000000
StartYearValue(counts)	2.000000	2.000000
LastYear(counts)	2018.000000	2018.000000
LastYearValue(counts)	291.000000	43.000000
MaxSensegivenYear(SGY)	1948.000000	1968.000000
MaxSensegivenYearValue(SGY)	1.000000	1.000000
EmergenceYear(SGY)	1947.000000	0.000000
EmergenceValue(SGY)	0.500000	-1.000000
