SENSE INFORMATION	C0008928	C0751951	
StartYear(counts)	1946.000000	1961.000000
StartYearValue(counts)	5.000000	1.000000
LastYear(counts)	2018.000000	2017.000000
LastYearValue(counts)	36.000000	26.000000
MaxSensegivenYear(SGY)	1946.000000	2003.000000
MaxSensegivenYearValue(SGY)	1.000000	0.720930
EmergenceYear(SGY)	0.000000	1997.000000
EmergenceValue(SGY)	-1.000000	0.000000
