SENSE INFORMATION	C0011485	C0021024	
StartYear(counts)	1958.000000	1998.000000
StartYearValue(counts)	2.000000	18.000000
LastYear(counts)	2018.000000	2018.000000
LastYearValue(counts)	60.000000	212.000000
MaxSensegivenYear(SGY)	1958.000000	2011.000000
MaxSensegivenYearValue(SGY)	1.000000	0.782524
EmergenceYear(SGY)	0.000000	2007.000000
EmergenceValue(SGY)	-1.000000	0.295359
