SENSE INFORMATION	C0011343	C1706094	
StartYear(counts)	1946.000000	1947.000000
StartYearValue(counts)	2.000000	2.000000
LastYear(counts)	2018.000000	2018.000000
LastYearValue(counts)	193.000000	258.000000
MaxSensegivenYear(SGY)	1946.000000	1947.000000
MaxSensegivenYearValue(SGY)	1.000000	1.000000
EmergenceYear(SGY)	0.000000	0.000000
EmergenceValue(SGY)	-1.000000	-1.000000
