SENSE INFORMATION	C0008115	C0039021	
StartYear(counts)	1945.000000	1946.000000
StartYearValue(counts)	3.000000	3.000000
LastYear(counts)	2019.000000	2018.000000
LastYearValue(counts)	85.000000	1074.000000
MaxSensegivenYear(SGY)	1945.000000	1969.000000
MaxSensegivenYearValue(SGY)	1.000000	0.937500
EmergenceYear(SGY)	0.000000	1945.000000
EmergenceValue(SGY)	-1.000000	0.000000
