SENSE INFORMATION	C0008778	C0015422	
StartYear(counts)	1946.000000	1945.000000
StartYearValue(counts)	4.000000	1.000000
LastYear(counts)	2018.000000	2018.000000
LastYearValue(counts)	1461.000000	92.000000
MaxSensegivenYear(SGY)	1946.000000	1945.000000
MaxSensegivenYearValue(SGY)	1.000000	1.000000
EmergenceYear(SGY)	0.000000	0.000000
EmergenceValue(SGY)	-1.000000	-1.000000
