SENSE INFORMATION	C0009237	C0085952	
StartYear(counts)	1946.000000	1947.000000
StartYearValue(counts)	4.000000	1.000000
LastYear(counts)	2019.000000	2019.000000
LastYearValue(counts)	82.000000	75.000000
MaxSensegivenYear(SGY)	1946.000000	2019.000000
MaxSensegivenYearValue(SGY)	1.000000	0.477707
EmergenceYear(SGY)	0.000000	2001.000000
EmergenceValue(SGY)	-1.000000	0.000000
