SENSE INFORMATION	C0012238	C0012240	
StartYear(counts)	1945.000000	1945.000000
StartYearValue(counts)	4.000000	2.000000
LastYear(counts)	2019.000000	2018.000000
LastYearValue(counts)	1.000000	235.000000
MaxSensegivenYear(SGY)	2019.000000	1968.000000
MaxSensegivenYearValue(SGY)	1.000000	0.645833
EmergenceYear(SGY)	0.000000	0.000000
EmergenceValue(SGY)	-1.000000	-1.000000
