SENSE INFORMATION	C0013961	C0015063	
StartYear(counts)	1945.000000	1959.000000
StartYearValue(counts)	2.000000	1.000000
LastYear(counts)	2018.000000	2018.000000
LastYearValue(counts)	1634.000000	44.000000
MaxSensegivenYear(SGY)	1945.000000	1980.000000
MaxSensegivenYearValue(SGY)	1.000000	0.512048
EmergenceYear(SGY)	0.000000	1974.000000
EmergenceValue(SGY)	-1.000000	0.000000
