SENSE INFORMATION	C0008310	C0015214	
StartYear(counts)	1978.000000	1948.000000
StartYearValue(counts)	1.000000	1.000000
LastYear(counts)	2018.000000	2018.000000
LastYearValue(counts)	1636.000000	973.000000
MaxSensegivenYear(SGY)	2018.000000	1948.000000
MaxSensegivenYearValue(SGY)	0.627060	1.000000
EmergenceYear(SGY)	1978.000000	0.000000
EmergenceValue(SGY)	0.002304	-1.000000
