SENSE INFORMATION	C0015625	C0016410	
StartYear(counts)	1946.000000	1945.000000
StartYearValue(counts)	1.000000	16.000000
LastYear(counts)	2018.000000	2018.000000
LastYearValue(counts)	194.000000	3302.000000
MaxSensegivenYear(SGY)	1997.000000	1945.000000
MaxSensegivenYearValue(SGY)	0.463508	1.000000
EmergenceYear(SGY)	0.000000	0.000000
EmergenceValue(SGY)	-1.000000	-1.000000
