SENSE INFORMATION	C0017067	C1258666	
StartYear(counts)	1945.000000	1946.000000
StartYearValue(counts)	1.000000	1.000000
LastYear(counts)	2018.000000	2018.000000
LastYearValue(counts)	85.000000	130.000000
MaxSensegivenYear(SGY)	1945.000000	2018.000000
MaxSensegivenYearValue(SGY)	1.000000	0.604651
EmergenceYear(SGY)	0.000000	2006.000000
EmergenceValue(SGY)	-1.000000	0.389313
