SENSE INFORMATION	C0007158	C0017977	
StartYear(counts)	1945.000000	1946.000000
StartYearValue(counts)	1.000000	6.000000
LastYear(counts)	2018.000000	2018.000000
LastYearValue(counts)	68.000000	798.000000
MaxSensegivenYear(SGY)	1945.000000	2004.000000
MaxSensegivenYearValue(SGY)	1.000000	0.972816
EmergenceYear(SGY)	0.000000	1945.000000
EmergenceValue(SGY)	-1.000000	0.000000
