SENSE INFORMATION	C0242872	C0949851	
StartYear(counts)	1954.000000	1962.000000
StartYearValue(counts)	2.000000	1.000000
LastYear(counts)	2017.000000	2018.000000
LastYearValue(counts)	132.000000	19.000000
MaxSensegivenYear(SGY)	1954.000000	1962.000000
MaxSensegivenYearValue(SGY)	1.000000	1.000000
EmergenceYear(SGY)	0.000000	0.000000
EmergenceValue(SGY)	-1.000000	-1.000000
