SENSE INFORMATION	C0079504	C0242994	
StartYear(counts)	2000.000000	1994.000000
StartYearValue(counts)	24.000000	9.000000
LastYear(counts)	2018.000000	2018.000000
LastYearValue(counts)	160.000000	44.000000
MaxSensegivenYear(SGY)	2018.000000	1994.000000
MaxSensegivenYearValue(SGY)	0.784314	1.000000
EmergenceYear(SGY)	0.000000	0.000000
EmergenceValue(SGY)	-1.000000	-1.000000
