SENSE INFORMATION	C0026131	C0026140	
StartYear(counts)	1945.000000	1945.000000
StartYearValue(counts)	21.000000	19.000000
LastYear(counts)	2019.000000	2019.000000
LastYearValue(counts)	15.000000	7.000000
MaxSensegivenYear(SGY)	1947.000000	1945.000000
MaxSensegivenYearValue(SGY)	0.915385	0.475000
EmergenceYear(SGY)	0.000000	0.000000
EmergenceValue(SGY)	-1.000000	-1.000000
