SENSE INFORMATION	C0027960	C0324740	
StartYear(counts)	1945.000000	1946.000000
StartYearValue(counts)	3.000000	3.000000
LastYear(counts)	2018.000000	2018.000000
LastYearValue(counts)	126.000000	83.000000
MaxSensegivenYear(SGY)	1945.000000	2008.000000
MaxSensegivenYearValue(SGY)	1.000000	0.563123
EmergenceYear(SGY)	0.000000	0.000000
EmergenceValue(SGY)	-1.000000	-1.000000
