SENSE INFORMATION	C0025033	C0027972	
StartYear(counts)	1946.000000	1946.000000
StartYearValue(counts)	17.000000	1.000000
LastYear(counts)	2018.000000	2018.000000
LastYearValue(counts)	185.000000	45.000000
MaxSensegivenYear(SGY)	1950.000000	2017.000000
MaxSensegivenYearValue(SGY)	1.000000	0.808874
EmergenceYear(SGY)	0.000000	1963.000000
EmergenceValue(SGY)	-1.000000	0.047619
