SENSE INFORMATION	C0028587	C0220756	
StartYear(counts)	1959.000000	2006.000000
StartYearValue(counts)	1.000000	69.000000
LastYear(counts)	2018.000000	2018.000000
LastYearValue(counts)	330.000000	178.000000
MaxSensegivenYear(SGY)	1959.000000	2018.000000
MaxSensegivenYearValue(SGY)	1.000000	0.350394
EmergenceYear(SGY)	0.000000	2005.000000
EmergenceValue(SGY)	-1.000000	0.000000
