SENSE INFORMATION	C0028768	C0029421	
StartYear(counts)	1949.000000	1946.000000
StartYearValue(counts)	1.000000	3.000000
LastYear(counts)	2018.000000	2018.000000
LastYearValue(counts)	883.000000	123.000000
MaxSensegivenYear(SGY)	1966.000000	1946.000000
MaxSensegivenYearValue(SGY)	1.000000	1.000000
EmergenceYear(SGY)	1957.000000	0.000000
EmergenceValue(SGY)	0.176471	-1.000000
