SENSE INFORMATION	C0033036	C0949780	
StartYear(counts)	1949.000000	2001.000000
StartYearValue(counts)	1.000000	12.000000
LastYear(counts)	2018.000000	2014.000000
LastYearValue(counts)	50.000000	6.000000
MaxSensegivenYear(SGY)	1949.000000	2005.000000
MaxSensegivenYearValue(SGY)	1.000000	0.697674
EmergenceYear(SGY)	0.000000	2010.000000
EmergenceValue(SGY)	-1.000000	0.000000
