SENSE INFORMATION	C0032172	C0037019	
StartYear(counts)	1979.000000	1980.000000
StartYearValue(counts)	6.000000	16.000000
LastYear(counts)	2018.000000	2013.000000
LastYearValue(counts)	740.000000	5.000000
MaxSensegivenYear(SGY)	1979.000000	1980.000000
MaxSensegivenYearValue(SGY)	1.000000	0.136752
EmergenceYear(SGY)	0.000000	0.000000
EmergenceValue(SGY)	-1.000000	-1.000000
