SENSE INFORMATION	C0032447	C0033223	
StartYear(counts)	1971.000000	1970.000000
StartYearValue(counts)	34.000000	3.000000
LastYear(counts)	2019.000000	2018.000000
LastYearValue(counts)	21.000000	47.000000
MaxSensegivenYear(SGY)	2019.000000	1970.000000
MaxSensegivenYearValue(SGY)	1.000000	1.000000
EmergenceYear(SGY)	0.000000	0.000000
EmergenceValue(SGY)	-1.000000	-1.000000
