SENSE INFORMATION	C0031642	C0135981	
StartYear(counts)	1950.000000	1980.000000
StartYearValue(counts)	2.000000	17.000000
LastYear(counts)	2018.000000	2017.000000
LastYearValue(counts)	15.000000	8.000000
MaxSensegivenYear(SGY)	1950.000000	1985.000000
MaxSensegivenYearValue(SGY)	1.000000	0.698113
EmergenceYear(SGY)	0.000000	1978.000000
EmergenceValue(SGY)	-1.000000	0.000000
