SENSE INFORMATION	C0016538	C0033363	
StartYear(counts)	1946.000000	1946.000000
StartYearValue(counts)	2.000000	2.000000
LastYear(counts)	2018.000000	2018.000000
LastYearValue(counts)	1898.000000	7.000000
MaxSensegivenYear(SGY)	2016.000000	1948.000000
MaxSensegivenYearValue(SGY)	0.998679	1.000000
EmergenceYear(SGY)	0.000000	1946.000000
EmergenceValue(SGY)	-1.000000	0.500000
