SENSE INFORMATION	C0012931	C0012933	
StartYear(counts)	1976.000000	1974.000000
StartYearValue(counts)	12.000000	1.000000
LastYear(counts)	2018.000000	2019.000000
LastYearValue(counts)	16.000000	3.000000
MaxSensegivenYear(SGY)	1976.000000	1974.000000
MaxSensegivenYearValue(SGY)	1.000000	1.000000
EmergenceYear(SGY)	0.000000	1980.000000
EmergenceValue(SGY)	-1.000000	0.000000
