SENSE INFORMATION	C0036319	C0036330	
StartYear(counts)	1945.000000	1945.000000
StartYearValue(counts)	2.000000	1.000000
LastYear(counts)	2018.000000	2018.000000
LastYearValue(counts)	165.000000	145.000000
MaxSensegivenYear(SGY)	1968.000000	1967.000000
MaxSensegivenYearValue(SGY)	1.000000	0.750000
EmergenceYear(SGY)	0.000000	0.000000
EmergenceValue(SGY)	-1.000000	-1.000000
