SENSE INFORMATION	C0015435	C0036881	
StartYear(counts)	1956.000000	1946.000000
StartYearValue(counts)	1.000000	1.000000
LastYear(counts)	2017.000000	2018.000000
LastYearValue(counts)	35.000000	1.000000
MaxSensegivenYear(SGY)	1991.000000	1946.000000
MaxSensegivenYearValue(SGY)	1.000000	1.000000
EmergenceYear(SGY)	1960.000000	0.000000
EmergenceValue(SGY)	0.000000	-1.000000
