SENSE INFORMATION	C0039371	C0144576	
StartYear(counts)	1950.000000	1983.000000
StartYearValue(counts)	5.000000	8.000000
LastYear(counts)	2018.000000	2019.000000
LastYearValue(counts)	756.000000	1.000000
MaxSensegivenYear(SGY)	1950.000000	2019.000000
MaxSensegivenYearValue(SGY)	1.000000	1.000000
EmergenceYear(SGY)	0.000000	1992.000000
EmergenceValue(SGY)	-1.000000	0.000000
