SENSE INFORMATION	C0040079	C0041041	
StartYear(counts)	1954.000000	1964.000000
StartYearValue(counts)	1.000000	1.000000
LastYear(counts)	2017.000000	2018.000000
LastYearValue(counts)	76.000000	155.000000
MaxSensegivenYear(SGY)	1954.000000	1964.000000
MaxSensegivenYearValue(SGY)	1.000000	1.000000
EmergenceYear(SGY)	0.000000	0.000000
EmergenceValue(SGY)	-1.000000	-1.000000
