SENSE INFORMATION	C0013220	C0020963	
StartYear(counts)	1945.000000	1945.000000
StartYearValue(counts)	2.000000	1.000000
LastYear(counts)	2018.000000	2018.000000
LastYearValue(counts)	615.000000	681.000000
MaxSensegivenYear(SGY)	1985.000000	1966.000000
MaxSensegivenYearValue(SGY)	0.750594	0.726496
EmergenceYear(SGY)	0.000000	0.000000
EmergenceValue(SGY)	-1.000000	-1.000000
