SENSE INFORMATION	C0040395	C0040405	
StartYear(counts)	1947.000000	1945.000000
StartYearValue(counts)	3.000000	1.000000
LastYear(counts)	2018.000000	2018.000000
LastYearValue(counts)	141.000000	26225.000000
MaxSensegivenYear(SGY)	1966.000000	1945.000000
MaxSensegivenYearValue(SGY)	1.000000	1.000000
EmergenceYear(SGY)	0.000000	0.000000
EmergenceValue(SGY)	-1.000000	-1.000000
