SENSE INFORMATION	C0010414	C0010415	
StartYear(counts)	1945.000000	1945.000000
StartYearValue(counts)	2.000000	2.000000
LastYear(counts)	2018.000000	2018.000000
LastYearValue(counts)	431.000000	278.000000
MaxSensegivenYear(SGY)	1994.000000	1972.000000
MaxSensegivenYearValue(SGY)	0.949686	0.548780
EmergenceYear(SGY)	0.000000	0.000000
EmergenceValue(SGY)	-1.000000	-1.000000
