SENSE INFORMATION	C0043395	C0301508	
StartYear(counts)	1945.000000	1945.000000
StartYearValue(counts)	4.000000	1.000000
LastYear(counts)	2018.000000	2018.000000
LastYearValue(counts)	390.000000	252.000000
MaxSensegivenYear(SGY)	1948.000000	2005.000000
MaxSensegivenYearValue(SGY)	1.000000	0.550505
EmergenceYear(SGY)	0.000000	0.000000
EmergenceValue(SGY)	-1.000000	-1.000000
